POSTCODE,SUBURBS_JOINED,STATE
1340,(Suburb data unavailable),(Unknown)
1355,(Suburb data unavailable),(Unknown)
1470,(Suburb data unavailable),(Unknown)
1475,(Suburb data unavailable),(Unknown)
1490,(Suburb data unavailable),(Unknown)
1495,(Suburb data unavailable),(Unknown)
1595,(Suburb data unavailable),(Unknown)
1670,(Suburb data unavailable),(Unknown)
1730,(Suburb data unavailable),(Unknown)
1755,(Suburb data unavailable),(Unknown)
1871,(Suburb data unavailable),(Unknown)
1875,(Suburb data unavailable),(Unknown)
2000,"Barangaroo, Dawes Point, Haymarket, Millers Point, Parliament House, Sydney, Sydney South, The Rocks",NSW
2006,The University Of Sydney,NSW
2007,"Broadway, Ultimo",NSW
2008,"Chippendale, Darlington",NSW
2009,Pyrmont,NSW
2010,"Darlinghurst, Surry Hills",NSW
2011,"Elizabeth Bay, Kings Cross, Potts Point, Rushcutters Bay, Woolloomooloo",NSW
2015,"Alexandria, Beaconsfield, Eveleigh",NSW
2016,Redfern,NSW
2017,"Waterloo, Zetland",NSW
2018,"Eastlakes, Rosebery",NSW
2019,"Banksmeadow, Botany",NSW
2020,"Mascot, Sydney Domestic Airport, Sydney International Airport",NSW
2021,"Centennial Park, Moore Park, Paddington",NSW
2022,"Bondi Junction, Queens Park",NSW
2023,Bellevue Hill,NSW
2024,"Bronte, Waverley",NSW
2025,Woollahra,NSW
2026,"Ben Buckler, Bondi, Bondi Beach, North Bondi, Tamarama",NSW
2027,"Darling Point, Edgecliff, Hmas Rushcutters, Point Piper",NSW
2028,Double Bay,NSW
2029,Rose Bay,NSW
2030,"Dover Heights, Hmas Watson, Rose Bay North, Vaucluse, Watsons Bay",NSW
2031,"Clovelly, Clovelly West, Randwick, St Pauls",NSW
2032,"Daceyville, Kingsford",NSW
2033,Kensington,NSW
2034,"Coogee, South Coogee",NSW
2035,"Maroubra, Maroubra South, Pagewood",NSW
2036,"Chifley, Eastgardens, Hillsdale, La Perouse, Little Bay, Malabar, Matraville, Phillip Bay, Port Botany",NSW
2037,"Forest Lodge, Glebe",NSW
2038,Annandale,NSW
2039,Rozelle,NSW
2040,"Leichhardt, Lilyfield",NSW
2041,"Balmain, Balmain East, Birchgrove",NSW
2042,"Enmore, Newtown",NSW
2043,Erskineville,NSW
2044,"St Peters, Sydenham, Tempe",NSW
2045,Haberfield,NSW
2046,"Abbotsford, Canada Bay, Chiswick, Five Dock, Rodd Point, Russell Lea, Wareemba",NSW
2047,Drummoyne,NSW
2048,"Stanmore, Westgate",NSW
2049,"Lewisham, Petersham, Petersham North",NSW
2050,"Camperdown, Missenden Road",NSW
2052,Unsw Sydney,NSW
2055,North Sydney,NSW
2057,Chatswood,NSW
2059,North Sydney,NSW
2060,"Hmas Platypus, Hmas Waterhen, Lavender Bay, Mcmahons Point, North Sydney, North Sydney Shoppingworld, Waverton",NSW
2061,"Kirribilli, Milsons Point",NSW
2062,Cammeray,NSW
2063,Northbridge,NSW
2064,Artarmon,NSW
2065,"Crows Nest, Gore Hill, Greenwich, Naremburn, Royal North Shore Hospital, St Leonards, Wollstonecraft",NSW
2066,"Lane Cove, Lane Cove North, Lane Cove West, Linley Point, Longueville, Northwood, Riverview",NSW
2067,"Chatswood, Chatswood West",NSW
2068,"Castlecrag, Middle Cove, North Willoughby, Willoughby, Willoughby East, Willoughby North",NSW
2069,"Castle Cove, Roseville, Roseville Chase",NSW
2070,"East Lindfield, Lindfield, Lindfield West",NSW
2071,"East Killara, Killara",NSW
2072,Gordon,NSW
2073,"Pymble, West Pymble",NSW
2074,"North Turramurra, South Turramurra, Turramurra, Warrawee",NSW
2075,"St Ives, St Ives Chase",NSW
2076,"Normanhurst, North Wahroonga, Wahroonga",NSW
2077,"Asquith, Hornsby, Hornsby Heights, Waitara",NSW
2079,Mount Colah,NSW
2080,Mount Kuring-Gai,NSW
2081,"Berowra, Cowan",NSW
2082,"Berowra Creek, Berowra Heights, Berowra Waters",NSW
2083,"Bar Point, Brooklyn, Cheero Point, Cogra Bay, Dangar Island, Milsons Passage, Mooney Mooney",NSW
2084,"Cottage Point, Duffys Forest, Terrey Hills",NSW
2085,"Belrose, Belrose West, Davidson",NSW
2086,"Frenchs Forest, Frenchs Forest East",NSW
2087,"Forestville, Killarney Heights",NSW
2088,"Mosman, Spit Junction",NSW
2089,"Kurraba Point, Neutral Bay, Neutral Bay Junction",NSW
2090,"Cremorne, Cremorne Junction, Cremorne Point",NSW
2092,Seaforth,NSW
2093,"Balgowlah, Balgowlah Heights, Clontarf, Manly Vale, North Balgowlah",NSW
2094,Fairlight,NSW
2095,"Manly, Manly East",NSW
2096,"Curl Curl, Freshwater, Harbord, Queenscliff",NSW
2097,"Collaroy, Collaroy Beach, Collaroy Plateau, Wheeler Heights",NSW
2099,"Cromer, Dee Why, Narraweena, North Curl Curl, Wingala",NSW
2100,"Allambie, Allambie Heights, Beacon Hill, Brookvale, North Manly, Oxford Falls, Warringah Mall",NSW
2101,"Elanora Heights, Ingleside, Narrabeen, North Narrabeen",NSW
2102,"Warriewood, Warriewood Shopping Square",NSW
2103,Mona Vale,NSW
2104,Bayview,NSW
2105,"Church Point, Elvina Bay, Lovett Bay, Mccarrs Creek, Morning Bay, Scotland Island",NSW
2106,"Newport, Newport Beach",NSW
2107,"Avalon Beach, Bilgola, Bilgola Beach, Bilgola Plateau, Careel Bay, Clareville, Whale Beach",NSW
2108,"Coasters Retreat, Currawong Beach, Great Mackerel Beach, Palm Beach, The Basin",NSW
2109,Macquarie University,NSW
2110,"Hunters Hill, Woolwich",NSW
2111,"Boronia Park, Gladesville, Henley, Huntleys Cove, Huntleys Point, Monash Park, Tennyson Point",NSW
2112,"Denistone East, Putney, Ryde",NSW
2113,"Blenheim Road, East Ryde, Macquarie Centre, Macquarie Park, North Ryde",NSW
2114,"Denistone, Denistone West, Meadowbank, Melrose Park, West Ryde",NSW
2115,Ermington,NSW
2116,Rydalmere,NSW
2117,"Dundas, Dundas Valley, Oatlands, Telopea",NSW
2118,"Carlingford, Carlingford Court, Carlingford North, Kingsdene",NSW
2119,"Beecroft, Cheltenham",NSW
2120,"Pennant Hills, Thornleigh, Westleigh",NSW
2121,"Epping, North Epping",NSW
2122,"Eastwood, Marsfield",NSW
2123,Parramatta,NSW
2124,Parramatta,NSW
2125,West Pennant Hills,NSW
2126,Cherrybrook,NSW
2127,"Homebush Bay, Newington, Sydney Olympic Park, Wentworth Point",NSW
2128,Silverwater,NSW
2129,Sydney Markets,NSW
2130,Summer Hill,NSW
2131,Ashfield,NSW
2132,Croydon,NSW
2133,"Croydon Park, Enfield South",NSW
2134,"Burwood, Burwood North",NSW
2135,Strathfield,NSW
2136,"Burwood Heights, Enfield, Strathfield South",NSW
2137,"Breakfast Point, Cabarita, Concord, Mortlake, North Strathfield",NSW
2138,"Concord West, Liberty Grove, Rhodes",NSW
2139,Concord Repatriation Hospital,NSW
2140,"Homebush, Homebush South, Homebush West",NSW
2141,"Berala, Lidcombe, Lidcombe North, Rookwood",NSW
2142,"Blaxcell, Camellia, Clyde, Granville, Holroyd, Rosehill, South Granville",NSW
2143,"Birrong, Potts Hill, Regents Park",NSW
2144,Auburn,NSW
2145,"Constitution Hill, Girraween, Greystanes, Mays Hill, Pemulwuy, Pendle Hill, South Wentworthville, Wentworthville, Westmead",NSW
2146,"Old Toongabbie, Toongabbie, Toongabbie East",NSW
2147,"Kings Langley, Lalor Park, Seven Hills, Seven Hills West",NSW
2148,"Arndell Park, Blacktown, Blacktown Westpoint, Huntingwood, Kings Park, Marayong, Prospect",NSW
2150,"Harris Park, Parramatta, Parramatta Westfield",NSW
2151,"North Parramatta, North Rocks",NSW
2152,Northmead,NSW
2153,"Baulkham Hills, Bella Vista, Winston Hills",NSW
2154,Castle Hill,NSW
2155,"Beaumont Hills, Kellyville, Kellyville Ridge, Rouse Hill",NSW
2156,"Annangrove, Glenhaven, Kenthurst",NSW
2157,"Canoelands, Forest Glen, Glenorie",NSW
2158,"Dural, Middle Dural, Round Corner",NSW
2159,"Arcadia, Berrilee, Fiddletown, Galston",NSW
2160,"Merrylands, Merrylands West",NSW
2161,"Guildford, Guildford West, Old Guildford, Yennora",NSW
2162,"Chester Hill, Sefton",NSW
2163,"Carramar, Lansdowne, Villawood",NSW
2164,"Smithfield, Smithfield West, Wetherill Park, Woodpark",NSW
2165,"Fairfield, Fairfield East, Fairfield Heights, Fairfield West",NSW
2166,"Cabramatta, Cabramatta West, Canley Heights, Canley Vale, Lansvale",NSW
2167,Glenfield,NSW
2168,"Ashcroft, Busby, Cartwright, Green Valley, Heckenberg, Hinchinbrook, Miller, Sadleir",NSW
2170,"Casula, Casula Mall, Chipping Norton, Hammondville, Liverpool, Liverpool South, Liverpool Westfield, Lurnea, Moorebank, Mount Pritchard, Prestons, Warwick Farm",NSW
2171,"Carnes Hill, Cecil Hills, Elizabeth Hills, Horningsea Park, Hoxton Park, Len Waters Estate, Middleton Grange, West Hoxton",NSW
2172,"Pleasure Point, Sandy Point, Voyager Point",NSW
2173,"Holsworthy, Wattle Grove",NSW
2174,Edmondson Park,NSW
2175,Horsley Park,NSW
2176,"Abbotsbury, Bossley Park, Edensor Park, Greenfield Park, Prairiewood, St Johns Park, Wakeley",NSW
2177,"Bonnyrigg, Bonnyrigg Heights",NSW
2178,"Cecil Park, Kemps Creek, Mount Vernon",NSW
2179,"Austral, Leppington",NSW
2190,"Chullora, Greenacre, Mount Lewis",NSW
2191,Belfield,NSW
2192,Belmore,NSW
2193,"Ashbury, Canterbury, Hurlstone Park",NSW
2194,Campsie,NSW
2195,"Lakemba, Wiley Park",NSW
2196,"Punchbowl, Roselands",NSW
2197,Bass Hill,NSW
2198,Georges Hall,NSW
2199,"Yagoona, Yagoona West",NSW
2200,"Bankstown, Bankstown Aerodrome, Bankstown North, Bankstown Square, Condell Park, Manahan, Mount Lewis",NSW
2203,Dulwich Hill,NSW
2204,"Marrickville, Marrickville Metro, Marrickville South",NSW
2205,"Arncliffe, Turrella, Wolli Creek",NSW
2206,"Clemton Park, Earlwood, Undercliffe",NSW
2207,"Bardwell Park, Bardwell Valley, Bexley, Bexley North, Bexley South",NSW
2208,"Kingsgrove, Kingsway West",NSW
2209,"Beverly Hills, Narwee",NSW
2210,"Lugarno, Peakhurst, Peakhurst Heights, Riverwood",NSW
2211,"Padstow, Padstow Heights",NSW
2212,"Revesby, Revesby Heights, Revesby North",NSW
2213,"East Hills, Panania, Picnic Point",NSW
2214,Milperra,NSW
2216,"Banksia, Brighton-Le-Sands, Kyeemagh, Rockdale",NSW
2217,"Beverley Park, Kogarah, Kogarah Bay, Monterey, Ramsgate, Ramsgate Beach",NSW
2218,"Allawah, Carlton",NSW
2219,"Dolls Point, Sandringham, Sans Souci",NSW
2220,"Hurstville, Hurstville Grove, Hurstville Westfield",NSW
2221,"Blakehurst, Carss Park, Connells Point, Kyle Bay, South Hurstville",NSW
2222,Penshurst,NSW
2223,"Mortdale, Oatley",NSW
2224,"Kangaroo Point, Sylvania, Sylvania Southgate, Sylvania Waters",NSW
2225,Oyster Bay,NSW
2226,"Bonnet Bay, Como, Jannali",NSW
2227,"Gymea, Gymea Bay",NSW
2228,"Miranda, Yowie Bay",NSW
2229,"Caringbah, Caringbah South, Dolans Bay, Lilli Pilli, Port Hacking, Taren Point",NSW
2230,"Bundeena, Burraneer, Cronulla, Greenhills Beach, Maianbar, Woolooware",NSW
2231,Kurnell,NSW
2232,"Audley, Grays Point, Kareela, Kirrawee, Loftus, Sutherland, Woronora",NSW
2233,"Engadine, Heathcote, Waterfall, Woronora Heights, Yarrawarrah",NSW
2234,"Alfords Point, Bangor, Barden Ridge, Illawong, Lucas Heights, Menai, Menai Central",NSW
2250,"Bucketty, Calga, Central Mangrove, East Gosford, Erina, Erina Fair, Glenworth Valley, Gosford, Greengrove, Kariong, Kulnura, Lisarow, Mangrove Creek, Matcham, Mount Elliot, Narara, Niagara Park, North Gosford, Peats Ridge, Point Clare, Springfield, Ten Mile Hollow, Upper Mangrove, Wendoree Park, West Gosford",NSW
2251,"Avoca Beach, Bensville, Bouddi, Copacabana, Davistown, Green Point, Kincumber, Kincumber South, Macmasters Beach, Picketts Valley, Saratoga, Yattalunga",NSW
2256,"Blackwall, Horsfield Bay, Koolewong, Little Wobby, Patonga, Pearl Beach, Phegans Bay, Wondabyne, Woy Woy, Woy Woy Bay",NSW
2257,"Booker Bay, Box Head, Daleys Point, Empire Bay, Ettalong Beach, Hardys Bay, Killcare, Killcare Heights, Pretty Beach, St Huberts Island, Umina Beach, Wagstaffe",NSW
2258,"Fountaindale, Kangy Angy, Ourimbah, Palm Grove, Palmdale",NSW
2259,"Bushells Ridge, Chain Valley Bay, Crangan Bay, Dooralong, Frazer Park, Gwandalan, Kanwal, Kiar, Kingfisher Shores, Lemon Tree, Little Jilliby, Mardi, Moonee, Rocky Point, Summerland Point, Tacoma South, Tuggerah, Tuggerawong, Wadalba, Wallarah, Warnervale, Watanobbi, Woongarrah, Wybung, Wyee Point",NSW
2260,"Erina Heights, Forresters Beach, North Avoca, Terrigal, Wamberal",NSW
2261,"Bateau Bay, Bay Village, Berkeley Vale, Blue Bay, Chittaway Bay, Chittaway Point, Glenning Valley, Killarney Vale, Long Jetty, Magenta, Shelly Beach, The Entrance, The Entrance North, Toowoon Bay, Tumbi Umbi",NSW
2262,"Blue Haven, Budgewoi, Budgewoi Peninsula, Buff Point, Colongra, Doyalson, Doyalson North, Halekulani, San Remo",NSW
2263,"Canton Beach, Charmhaven, Gorokan, Lake Haven, Norah Head, Noraville, Toukley",NSW
2264,"Balcolyn, Bonnells Bay, Brightwaters, Dora Creek, Eraring, Mandalong, Mirrabooka, Morisset, Morisset Park, Myuna Bay, Silverwater, Sunshine, Windermere Park, Yarrawonga Park",NSW
2265,"Cooranbong, Martinsville",NSW
2267,Wangi Wangi,NSW
2278,"Barnsley, Killingworth, Wakefield",NSW
2280,"Belmont, Belmont North, Belmont South, Croudace Bay, Floraville, Jewells, Marks Point, Valentine",NSW
2281,"Blacksmiths, Cams Wharf, Catherine Hill Bay, Caves Beach, Little Pelican, Middle Camp, Murrays Beach, Nords Wharf, Pelican, Pinny Beach, Swansea, Swansea Heads",NSW
2282,"Eleebana, Lakelands, Warners Bay",NSW
2283,"Arcadia Vale, Awaba, Balmoral, Blackalls Park, Bolton Point, Buttaba, Carey Bay, Coal Point, Fassifern, Fennell Bay, Fishing Point, Kilaben Bay, Rathmines, Ryhope, Toronto",NSW
2284,"Argenton, Boolaroo, Booragul, Marmong Point, Speers Point, Teralba, Woodrising",NSW
2285,"Cameron Park, Cardiff, Cardiff Heights, Cardiff South, Edgeworth, Glendale, Macquarie Hills",NSW
2286,"Holmesville, Seahampton, West Wallsend",NSW
2287,"Birmingham Gardens, Elermore Vale, Fletcher, Maryland, Minmi, Rankin Park, Wallsend, Wallsend South",NSW
2289,"Adamstown, Adamstown Heights, Garden Suburb, Highfields, Kotara, Kotara Fair, Kotara South",NSW
2290,"Bennetts Green, Charlestown, Dudley, Gateshead, Hillsborough, Kahibah, Mount Hutton, Redhead, Tingira Heights, Whitebridge",NSW
2291,"Merewether, Merewether Heights, The Junction",NSW
2292,"Broadmeadow, Hamilton North",NSW
2293,"Maryville, Wickham",NSW
2294,Carrington,NSW
2295,"Fern Bay, Stockton",NSW
2296,Islington,NSW
2297,Tighes Hill,NSW
2298,"Georgetown, Waratah, Waratah West",NSW
2299,"Jesmond, Lambton, North Lambton",NSW
2300,"Bar Beach, Cooks Hill, Newcastle, Newcastle East, The Hill",NSW
2302,Newcastle West,NSW
2303,"Hamilton, Hamilton East, Hamilton South",NSW
2304,"Kooragang, Mayfield, Mayfield East, Mayfield North, Mayfield West, Sandgate, Warabrook",NSW
2305,"Kotara East, New Lambton, New Lambton Heights",NSW
2306,Windale,NSW
2307,Shortland,NSW
2308,"Callaghan, Newcastle University",NSW
2311,"Allynbrook, Bingleburra, Carrabolla, East Gresford, Eccleston, Gresford, Halton, Lewinsbrook, Lostock, Mount Rivers, Upper Allyn",NSW
2312,"Minimbah, Nabiac",NSW
2314,Williamtown Raaf,NSW
2315,"Corlette, Fingal Bay, Nelson Bay, Shoal Bay",NSW
2316,"Anna Bay, Boat Harbour, Bobs Farm, Fishermans Bay, One Mile, Taylors Beach",NSW
2317,"Salamander Bay, Soldiers Point",NSW
2318,"Campvale, Ferodale, Fullerton Cove, Medowie, Oyster Cove, Salt Ash, Williamtown",NSW
2319,"Lemon Tree Passage, Mallabula, Tanilba Bay, Tilligerry Creek",NSW
2320,"Allandale, Anambah, Bolwarra, Bolwarra Heights, Farley, Glen Oak, Hillsborough, Horseshoe Bend, Keinbah, Largs, Lorn, Louth Park, Maitland North, Maitland Vale, Mindaribba, Oakhampton, Oakhampton Heights, Pokolbin, Rosebrook, Rothbury, Rutherford, South Maitland, Telarah, Wallalong, Windella",NSW
2321,"Berry Park, Butterwick, Clarence Town, Cliftleigh, Duckenfield, Duns Creek, Gillieston Heights, Glen Martin, Glen William, Harpers Hill, Heddon Greta, Hinton, Lochinvar, Luskintyre, Morpeth, Oswald, Phoenix Park, Raworth, Windermere, Woodville",NSW
2322,"Beresfield, Black Hill, Chisholm, Hexham, Lenaghan, Stockrington, Tarro, Thornton, Tomago, Woodberry",NSW
2323,"Ashtonfield, Brunkerville, Buchanan, Buttai, East Maitland, Four Mile Creek, Freemans Waterhole, Green Hills, Metford, Metford Dc, Mount Vincent, Mulbring, Pitnacree, Richmond Vale, Tenambit",NSW
2324,"Balickera, Brandy Hill, Bundabah, Carrington, Cells River, Eagleton, East Seaham, Hawks Nest, Heatherbrae, Karuah, Limeburners Creek, Millers Forest, Nelsons Plains, North Arm Cove, Osterley, Pindimar, Raymond Terrace, Raymond Terrace East, Seaham, Swan Bay, Tahlee, Tea Gardens, Twelve Mile Creek",NSW
2325,"Aberdare, Abernethy, Bellbird, Bellbird Heights, Cedar Creek, Cessnock, Cessnock West, Congewai, Corrabare, Ellalong, Elrington, Greta Main, Kearsley, Kitchener, Laguna, Lovedale, Millfield, Moruben, Mount View, Olney, Paxton, Paynes Crossing, Quorrobolong, Sweetmans Creek, Wollombi",NSW
2326,"Abermain, Bishops Bridge, Loxford, Neath, Sawyers Gully, Weston",NSW
2327,"Kurri Kurri, Pelaw Main, Stanford Merthyr",NSW
2328,"Bureen, Dalswinton, Denman, Giants Creek, Hollydeen, Kerrabee, Mangoola, Martindale, Widden, Yarrawa",NSW
2329,"Borambil, Cassilis, Merriwa, Uarbry",NSW
2330,"Appletree Flat, Bulga, Carrowbrook, Combo, Darlington, Doyles Creek, Dunolly, Dyrring, Falbrook, Fern Gully, Fordwich, Garland Valley, Glendon Brook, Goorangoola, Howick, Lemington, Long Point, Mitchells Flat, Mount Thorley, Ravensworth, Redbournberry, Sedgefield, Singleton Heights, Wattle Ponds, Westbrook",NSW
2331,"Singleton Military Area, Singleton Milpo",NSW
2333,"Baerami, Baerami Creek, Bengalla, Castle Rock, Edderton, Gungal, Kayuga, Liddell, Manobalai, Mccullys Gap, Muscle Creek, Muswellbrook, Sandy Hollow, Wybong",NSW
2334,Greta,NSW
2335,"Belford, Branxton, Dalwood, East Branxton, Elderslie, Lambs Valley, Leconfield, Lower Belford, North Rothbury, Stanhope",NSW
2336,"Aberdeen, Dartbrook, Davis Creek, Rossgole, Rouchel, Rouchel Brook, Upper Dartbrook, Upper Rouchel",NSW
2337,"Belltrees, Brawboy, Bunnan, Dry Creek, Ellerston, Glenbawn, Gundy, Kars Springs, Middle Brook, Moobi, Moonan Brook, Moonan Flat, Murulla, Omadale, Owens Gap, Pages Creek, Parkville, Satur, Scone, Segenhoe, Stewarts Brook, Tomalla, Waverly, Wingen, Woolooma",NSW
2338,"Ardglen, Blandford, Crawney, Green Creek, Murrurundi, Pages River, Sandy Creek, Scotts Creek, Timor",NSW
2339,"Big Jacks Creek, Braefield, Cattle Creek, Chilcotts Creek, Little Jacks Creek, Macdonalds Creek, Parraweena, Warrah, Warrah Creek, Willow Tree",NSW
2340,"Appleby, Barry, Bithramere, Bowling Alley Point, Daruka, Duncans Creek, Dungowan, East Tamworth, Garoo, Gidley, Goonoo Goonoo, Hanging Rock, Hillvue, Moore Creek, Nundle, Ogunbil, Oxley Vale, Piallamore, Taminda, Tamworth, Tamworth South, Timbumburi, Warral, West Tamworth, Westdale",NSW
2341,Werris Creek,NSW
2342,"Currabubula, Piallaway",NSW
2343,"Blackville, Borambil, Bundella, Caroona, Colly Blue, Coomoo Coomoo, Pine Ridge, Quipolly, Quirindi, Spring Ridge, Wallabadah, Warrah Ridge, Windy, Yannergee, Yarraman",NSW
2344,"Duri, Winton",NSW
2345,"Attunga, Garthowen",NSW
2346,"Borah Creek, Halls Creek, Klori, Manilla, Namoi River, New Mexico, Rushes Creek, Upper Manilla, Warrabah, Wimborne, Wongo Creek",NSW
2347,"Banoon, Barraba, Cobbadah, Gulf Creek, Gundamulda, Ironbark, Lindesay, Longarm, Mayvale, Red Hill, Thirldene, Upper Horton, Woodsreef",NSW
2350,"Aberfoyle, Abington, Argyle, Armidale, Boorolong, Castle Doyle, Dangarsleigh, Donald Creek, Dumaresq, Duval, East Armidale, Enmore, Hillgrove, Invergowrie, Jeogla, Kellys Plains, Lyndhurst, Metz, Puddledock, Saumarez Ponds, Thalgarrah, Wards Mistake, West Armidale, Wollomombi, Wongwibinda",NSW
2351,University Of New England,NSW
2352,"Kootingal, Limbri, Mulla Creek, Tintinhull",NSW
2353,Moonbi,NSW
2354,"Kentucky, Kentucky South, Niangala, Nowendoc, Walcha, Walcha Road, Wollun, Woolbrook, Yarrowitch",NSW
2355,"Bendemeer, Retreat, Watsons Creek",NSW
2356,Gwabegar,NSW
2357,"Bomera, Box Ridge, Bugaldie, Coonabarabran, Dandry, Gowang, Purlewaugh, Rocky Glen, Tannabar, Ulamambri, Wattle Springs",NSW
2358,"Arding, Balala, Gostwyck, Kingstown, Mihi, Rocky River, Salisbury Plains, Torryburn, Uralla, Yarrowyck",NSW
2359,"Aberdeen, Bakers Creek, Bundarra, Camerons Creek",NSW
2360,"Auburn Vale, Brodies Plains, Bukkulla, Copeton, Elsmore, Gilgai, Graman, Gum Flat, Howell, Inverell, Kings Plains, Little Plain, Long Plain, Mount Russell, Newstead, Nullamanna, Oakwood, Paradise, Rob Roy, Spring Mountain, Stanborough, Swanbrook, Wallangra, Wandera, Woodstock",NSW
2361,"Ashford, Atholwood, Bonshaw, Limestone, Pindaroi",NSW
2365,"Backwater, Bald Blair, Bassendean, Ben Lomond, Black Mountain, Briarbrook, Brockley, Brushy Creek, Falconer, Georges Creek, Glen Nevis, Glencoe, Green Hills, Guyra, Llangothlin, Maybole, Mount Mitchell, New Valley, Oban, South Guyra, Tenterden, The Basin, The Gulf, Tubbamurra, Wandsworth",NSW
2369,"Old Mill, Stannifer, Tingha",NSW
2370,"Bald Nob, Diehard, Dundee, Furracabad, Gibraltar Range, Glen Elgin, Glen Innes, Kingsgate, Kingsland, Kookabookra, Lambs Valley, Matheson, Moggs Swamp, Moogem, Morven, Newton Boyd, Pinkett, Rangers Valley, Red Range, Reddestone, Shannon Vale, Stonehenge, Swan Vale, Wellingrove, Yarrowford",NSW
2371,"Capoompeta, Deepwater, Emmaville, Rocky Creek, Stannum, Torrington, Wellington Vale, Yellow Dam",NSW
2372,"Back Creek, Black Swamp, Bolivia, Bookookoorara, Boonoo Boonoo, Boorook, Bungulla, Carrolls Creek, Cullendore, Dumaresq Valley, Forest Land, Liston, Mole River, Rivertree, Rocky River, Sandy Flat, Sandy Hill, Silent Grove, Tarban, Tenterfield, Timbarra, Willsons Downfall, Woodside, Wylie Creek",NSW
2379,"Goolhi, Mullaley, Napier Lane, Nombi",NSW
2380,"Blue Vale, Burburgate, Coocooboonah, Emerald Hill, Ghoolendaadi, Gunnedah, Kelvin, Marys Mount, Milroy, Orange Grove, Rangari",NSW
2381,"Breeza, Curlewis, Premer, Pullaming, Tambar Springs",NSW
2382,"Boggabri, Maules Creek, Wean, Willala",NSW
2386,"Burren Junction, Drildool, Nowley",NSW
2387,"Bulyeroi, Rowena",NSW
2388,"Boolcarroll, Cuttabri, Merah North, Pilliga, Spring Plains, The Pilliga, Wee Waa, Yarrie Lake",NSW
2390,"Baan Baa, Back Creek, Berrigal, Bohena Creek, Bullawa Creek, Couradda, Edgeroi, Eulah Creek, Harparary, Jacks Creek, Kaputar, Narrabri, Narrabri West, Rocky Creek, Tarriaro, Turrawan",NSW
2395,"Binnaway, Ropers Road, Weetaliba",NSW
2396,"Baradine, Barwon, Goorianawa, Kenebri",NSW
2397,"Bellata, Jews Lagoon, Millie",NSW
2398,Gurley,NSW
2399,"Biniguy, Pallamallawa",NSW
2400,"Ashley, Bullarah, Crooble, Mallowa, Moree, Moree East, Terry Hie Hie, Tulloona",NSW
2401,Gravesend,NSW
2402,"Coolatai, Warialda, Warialda Rail",NSW
2403,"Balfours Peak, Delungra, Gragin, Koloona, Myall Creek",NSW
2404,"Bangheet, Bingara, Dinoga, Elcombe, Gineroi, Keera, Pallal, Upper Bingara, Whitlow",NSW
2405,"Boomi, Garah",NSW
2406,"Mungindi, Weemelah",NSW
2408,"Blue Nobby, North Star, Yallaroi",NSW
2409,"Boggabilla, Boonal",NSW
2410,"Twin Rivers, Yetman",NSW
2411,Croppa Creek,NSW
2415,"Monkerai, Nooroo, Stroud Road, Upper Karuah River, Weismantels",NSW
2420,"Alison, Bandon Grove, Bendolba, Brookfield, Cambra, Chichester, Dungog, Flat Tops, Fosterton, Hanleys Creek, Hilldale, Main Creek, Marshdale, Martins Creek, Munni, Salisbury, Stroud Hill, Sugarloaf, Tabbil Creek, Underbank, Wallaringa, Wallarobba, Wirragulla",NSW
2421,"Fishers Hill, Paterson, Summer Hill, Tocal, Torryburn, Trevallyn, Vacy, Webbers Creek",NSW
2422,"Back Creek, Bakers Creek, Barrington Tops, Berrico, Bindera, Bowman Farm, Callaghans Creek, Cobark, Copeland, Craven Plateau, Faulkland, Forbesdale, Giro, Gloucester, Gloucester Tops, Invergordon, Mares Run, Mernot, Mograni, Rookhurst, Terreel, Tibbuc, Titaatee Creek, Tugrabakh, Wallanbah",NSW
2423,"Bombah Point, Boolambayte, Bulahdelah, Bungwahl, Coolongolook, Crawford River, Markwell, Mayers Flat, Mungo Brush, Myall Lake, Nerong, Seal Rocks, Topi Topi, Upper Myall, Violet Hill, Wang Wauk, Warranulla, Willina, Wootton, Yagon",NSW
2424,"Caffreys Flat, Cells River, Cooplacurripa, Cundle Flat, Knorrit Flat, Knorrit Forest, Mount George, Number One, Tiri",NSW
2425,"Allworth, Booral, Girvan, Stroud, The Branch, Washpool",NSW
2426,"Coopernook, Langley Vale, Moto",NSW
2427,"Crowdy Head, Harrington",NSW
2428,"Blueys Beach, Boomerang Beach, Booti Booti, Charlotte Bay, Coomba Bay, Coomba Park, Darawank, Elizabeth Beach, Forster, Forster Shopping Village, Green Point, Pacific Palms, Sandbar, Shallow Bay, Smiths Lake, Tarbuck Bay, Tiona, Tuncurry, Wallingat, Wallis Lake, Whoota",NSW
2429,"Bucca Wauka, Bulga Forest, Bunyah, Burrell Creek, Cedar Party, Comboyne, Dingo Forest, Dollys Flat, Dyers Crossing, Elands, Firefly, Innes View, Khatambuhl, Killabakh, Killawarra, Kimbriki, Krambach, Kundibakh, Marlee, Mooral Creek, Strathcedar, The Bight, Tipperary, Wherrol Flat, Wingham",NSW
2430,"Black Head, Bohnock, Bootawa, Brimbin, Cabbage Tree Island, Cundletown, Diamond Beach, Dumaresq Island, Hillville, Jones Island, Koorainghat, Kundle Kundle, Lansdowne, Lansdowne Forest, Manning Point, Melinga, Mitchells Island, Mondrook, Oxley Island, Possum Brush, Purfleet, Saltwater, Taree, Taree South, Tinonee",NSW
2431,"Arakoon, Jerseyville, South West Rocks",NSW
2439,"Batar Creek, Black Creek, Kendall, Kerewong, Kew, Logans Crossing, Lorne, Rossglen, Swans Crossing, Upsalls Creek",NSW
2440,"Bellbrook, Bellimbopinni, Burnt Bridge, Clybucca, Collombatti, Crescent Head, Deep Creek, Euroka, Frederickton, Gladstone, Greenhill, Hampden Hall, Hat Head, Hickeys Creek, Kinchela, Lower Creek, Mooneba, Moparrabah, Mungay Creek, Smithtown, Summer Island, Turners Flat, Willi Willi, Wittitrin, Yarravel",NSW
2441,"Allgomera, Ballengarra, Barraganyatti, Bonville, Bril Bril, Cooperabung, Crossmaglen, Eungai Creek, Eungai Rail, Fishermans Reach, Grassy Head, Gum Scrub, Hacks Ferry, Kippara, Kundabung, Marlo Merrican, Rollands Plains, Stuarts Point, Tamban, Telegraph Point, Upper Rollands Plains, Yarrahapinni",NSW
2443,"Bobs Creek, Camden Head, Coralville, Crowdy Bay National Park, Deauville, Diamond Head, Dunbogan, Hannam Vale, Herons Creek, Johns River, Lakewood, Laurieton, Middle Brother, Moorland, North Brother, North Haven, Stewarts River, Waitui, West Haven",NSW
2444,"Blackmans Point, Fernbank Creek, Flynns Beach, Lighthouse Beach, Limeburners Creek, North Shore, Port Macquarie, Port Macquarie Bc, Riverside, Settlement City, The Hatch, Thrumster",NSW
2445,"Bonny Hills, Grants Beach, Jolly Nose, Lake Cathie",NSW
2446,"Bago, Bellangry, Brombin, Cairncross, Debenham, Doyles River, Ellenborough, Forbes River, Frazers Creek, Gearys Flat, Hartys Plains, Hyndmans Creek, Kindee, Kings Creek, Lower Pappinbarra, Mortons Creek, Pembrooke, Pipeclay, Redbank, Rosewood, Sancrox, Toms Creek, Upper Pappinbarra, Werrikimbe, Yippin Creek",NSW
2447,"Bakers Creek, Burrapine, Congarinni, Congarinni North, Donnellyville, Gumma, Macksville, Newee Creek, North Macksville, Scotts Head, Talarm, Taylors Arm, Thumb Creek, Upper Taylors Arm, Utungun, Warrell Creek, Way Way, Wirrimbi, Yarranbella",NSW
2448,"Hyland Park, Nambucca Heads, Valla, Valla Beach",NSW
2449,"Argents Hill, Bowraville, Buckra Bendinni, Girralong, Kennaicle Creek, Killiekrankie, Missabotti, South Arm, Tewinga",NSW
2450,"Boambee, Bonville, Brooklana, Bucca, Coffs Harbour, Coffs Harbour Jetty, Coffs Harbour Plaza, Coramba, Glenreagh, Karangi, Korora, Lowanna, Lower Bucca, Moonee Beach, Nana Glen, North Boambee Valley, Sapphire Beach, Sherwood, Ulong, Upper Orara",NSW
2452,"Boambee East, Sawtell, Toormina",NSW
2453,"Bielsdown Hills, Billys Creek, Bostobrick, Briggsvale, Cascade, Clouds Creek, Deer Vale, Dorrigo, Dorrigo Mountain, Dundurrabin, Ebor, Fernbrook, Hernani, Marengo, Megan, Moonpar, Never Never, North Dorrigo, Tallowwood Ridge, Tyringham, Wild Cattle Creek",NSW
2454,"Bellingen, Brierfield, Brinerville, Bundagen, Darkwood, Fernmount, Gleniffer, Kalang, Mylestom, Raleigh, Repton, Spicketts Creek, Sunny Corner, Thora, Valery",NSW
2455,Urunga,NSW
2456,"Arrawarra, Arrawarra Headland, Corindi Beach, Dirty Creek, Emerald Beach, Mullaway, Red Rock, Safety Beach, Sandy Beach, Upper Corindi, Woolgoolga",NSW
2460,"Barcoongere, Baryulgil, Blaxlands Creek, Calamia, Carnham, Carrs Creek, Carrs Island, Copmanhurst, Dumbudgery, Eighteen Mile, Fortis Creek, Glenugie, Gurranang, Heifer Station, Kremnos, Moleville Creek, Newbold, Pulganbar, Rushforth, Sandy Crossing, Shannondale, Southampton, Stockyard Creek, The Whiteman, Wells Crossing",NSW
2462,"Calliope, Coldstream, Diggers Camp, Gilletts Ridge, Lake Hiawatha, Lavadia, Minnie Water, Pillar Valley, Swan Creek, Tucabia, Ulmarra, Wooli",NSW
2463,"Ashby, Ashby Heights, Ashby Island, Brooms Head, Gulmarrad, Ilarwill, Jacky Bulbin Flat, James Creek, Maclean, Palmers Channel, Palmers Island, Sandon, Shark Creek, Taloumbi, The Sandon, Townsend, Tullymorgan, Woodford, Woodford Island",NSW
2464,"Angourie, Freeburn Island, Micalo Island, Wooloweyah, Yamba, Yuraygir",NSW
2465,Harwood,NSW
2466,"Iluka, The Freshwater, Woody Head",NSW
2469,"Alice, Bingeebeebra Creek, Bottle Creek, Camira, Capeen Creek, Coongbar, Culmaran Creek, Deep Creek, Drake, Gibberagee, Goodwood Island, Jacksons Flat, Keybarbin, Kippenduff, Lower Bottle Creek, Mallanganee, Mookima Wybra, Mororo, Myrtle Creek, Rappville, Six Mile Swamp, Whiporie, Woombah, Wyan, Yabbra",NSW
2470,"Babyl Creek, Backmede, Baraimal, Casino, Coombell, Dobies Bight, Doubtful Creek, Dyraaba, Dyraaba Central, Dyraaba Creek, Ellangowan, Fairy Hill, Irvington, Leeville, Lower Dyraaba, Mongogarie, North Casino, Piora, Sextonville, Shannon Brook, Spring Grove, Stratheden, Tomki, Woodview, Woolners Arm",NSW
2471,"Bora Ridge, Codrington, Coraki, East Coraki, Green Forest, Greenridge, North Woodburn, Swan Bay, Tatham, West Bungawalbin, West Coraki",NSW
2472,"Broadwater, Buckendoon, Esk, Kilgin, Moonem, New Italy, Rileys Hill, Tabbimoble, The Gap, Trustums Hill, Woodburn",NSW
2473,"Bundjalung, Doonbah, Evans Head, Iron Gates, South Evans Head",NSW
2474,"Cedar Point, Dairy Flat, Eden Creek, Edenville, Geneva, Gradys Creek, Grevillia, Homeleigh, Horse Station Creek, Horseshoe Creek, Kilgra, Loadstone, Lynchs Creek, Old Grevillia, Roseberry Creek, Rukenvale, Sawpit Creek, Sherwood, Smiths Creek, Unumgar, Upper Eden Creek, Upper Horseshoe Creek, Warrazambil Creek, West Wiangaree, Wiangaree",NSW
2475,"Tooloom, Upper Tooloom, Urbenville",NSW
2476,"Acacia Creek, Acacia Plateau, Boomi Creek, Brumby Plains, Koreelah, Legume, Lindesay Creek, Lower Acacia Creek, Muli Muli, Old Koreelah, The Glen, Woodenbong",NSW
2477,"Alstonvale, Alstonville, Bagotville, Cabbage Tree Island, Dalwood, East Wardell, Goat Island, Lynwood, Meerschaum Vale, Pearces Creek, Rous, Rous Mill, Tuckombil, Uralba, Wardell, Wollongbar",NSW
2478,"Ballina, Coolgardie, Cumbalum, East Ballina, Empire Vale, Keith Hall, Lennox Head, Patchs Beach, Pimlico, Pimlico Island, Skennars Head, South Ballina, Teven, Tintenbar, West Ballina",NSW
2479,"Bangalow, Binna Burra, Brooklet, Coopers Shoot, Coorabell, Fernleigh, Knockrow, Mcleods Shoot, Nashua, Newrybar, Possum Creek",NSW
2480,"Bexhill, Blakebrook, Boorabee Park, Bungabbee, Caniaba, Clunes, Coffee Camp, Dorroughby, East Lismore, Eltham, Georgica, Goonellabah, Koonorigan, Larnook, Lismore, Marom Creek, Mckees Hill, Mcleans Ridges, Nimbin, North Lismore, Ruthven, Tucki Tucki, Tullera, Tuncester, Tuntable Creek",NSW
2481,"Broken Head, Byron Bay, Ewingsdale, Hayters Hill, Myocum, Skinners Shoot, Suffolk Park, Talofa, Tyagarah",NSW
2482,"Goonengerry, Huonbrook, Koonyum Range, Main Arm, Montecollum, Mullumbimby, Mullumbimby Creek, Palmwoods, Upper Coopers Creek, Upper Main Arm, Upper Wilsons Creek, Wanganui, Wilsons Creek",NSW
2483,"Billinudgel, Brunswick Heads, Burringbar, Crabbes Creek, Middle Pocket, Mooball, New Brighton, Ocean Shores, Sleepy Hollow, South Golden Beach, The Pocket, Upper Burringbar, Wooyung, Yelgun",NSW
2484,"Bray Park, Clothiers Creek, Condong, Crystal Creek, Cudgera Creek, Doon Doon, Dum Dum, Dungay, Eungella, Kielvale, Kunghur, Midginbil, Mount Burrell, Mount Warning, Murwillumbah, Murwillumbah South, Nobbys Creek, Nunderi, Round Mountain, Smiths Creek, South Murwillumbah, Stokers Siding, Terragon, Uki, Upper Crystal Creek",NSW
2485,"Tweed Heads, Tweed Heads West",NSW
2486,"Banora Point, Bilambil, Bilambil Heights, Bungalora, Carool, Cobaki, Cobaki Lakes, Duroby, Glengarrie, Piggabeen, Terranora, Tweed Heads South, Upper Duroby",NSW
2487,"Casuarina, Chinderah, Cudgen, Duranbah, Fingal Head, Kings Forest, Kingscliff, Stotts Creek",NSW
2488,"Bogangar, Cabarita Beach, Tanglewood",NSW
2489,"Hastings Point, Pottsville, Pottsville Beach",NSW
2490,"North Tumbulgum, Tumbulgum",NSW
2500,"Coniston, Gwynneville, Keiraville, Mangerton, Mount Keira, Mount Saint Thomas, North Wollongong, Spring Hill, West Wollongong, Wollongong, Wollongong DC, Wollongong West",NSW
2502,"Cringila, Lake Heights, Primbee, Warrawong",NSW
2505,"Kemblawarra, Port Kembla",NSW
2506,Berkeley,NSW
2508,"Coalcliff, Darkes Forest, Helensburgh, Lilyvale, Maddens Plains, Otford, Stanwell Park, Stanwell Tops, Woronora Dam",NSW
2515,"Austinmer, Clifton, Coledale, Scarborough, Thirroul, Wombarra",NSW
2516,Bulli,NSW
2517,"Russell Vale, Woonona, Woonona East",NSW
2518,"Bellambi, Corrimal, Corrimal East, East Corrimal, Tarrawanna, Towradgi",NSW
2519,"Balgownie, Fairy Meadow, Fernhill, Mount Ousley, Mount Pleasant",NSW
2520,Wollongong,NSW
2522,University Of Wollongong,NSW
2525,Figtree,NSW
2526,"Cordeaux, Cordeaux Heights, Farmborough Heights, Kembla Grange, Kembla Heights, Mount Kembla, Unanderra",NSW
2527,"Albion Park, Albion Park Rail, Calderwood, Croom, North Macquarie, Tongarra, Tullimbar, Yellow Rock",NSW
2528,"Barrack Heights, Barrack Point, Lake Illawarra, Mount Warrigal, Warilla, Windang",NSW
2529,"Blackbutt, Dunmore, Flinders, Oak Flats, Oak Flats Dc, Shell Cove, Shellharbour, Shellharbour City Centre, Shellharbour Square",NSW
2530,"Avondale, Brownsville, Cleveland, Dapto, Dombarton, Haywards Bay, Horsley, Huntley, Kanahooka, Koonawarra, Marshall Mount, Penrose, Wongawilli, Yallah",NSW
2533,"Bombo, Curramore, Jamberoo, Jerrara, Kiama, Kiama Downs, Kiama Heights, Minnamurra, Saddleback Mountain",NSW
2534,"Broughton Village, Foxground, Gerringong, Gerroa, Rose Valley, Toolijooa, Werri Beach, Willow Vale",NSW
2535,"Back Forest, Bellawongarah, Berry, Berry Mountain, Brogers Creek, Broughton, Broughton Vale, Budderoo, Bundewallah, Coolangatta, Far Meadow, Jaspers Brush, Shoalhaven Heads, Wattamolla, Woodhill",NSW
2536,"Batehaven, Batemans Bay, Bimbimbie, Buckenbowra, Currowan, Denhams Beach, Depot Beach, Durras North, East Lynne, Guerilla Bay, Jeremadra, Lilli Pilli, Long Beach, Maloneys Beach, Malua Bay, Nelligen, North Batemans Bay, Pebbly Beach, Rosedale, Runnyford, South Durras, Sunshine Bay, Surf Beach, Surfside, Woodlands",NSW
2537,"Bergalia, Bingie, Broulee, Coila, Congo, Deua, Deua River Valley, Kiora, Meringo, Mogendoura, Moruya, Moruya Heads, Mossy Point, Tomakin, Turlinjah, Tuross Head, Wamban",NSW
2538,"Brooman, Little Forest, Milton, Mogood, Morton, Porters Creek, Woodburn, Woodstock",NSW
2539,"Bawley Point, Bendalong, Berringer Lake, Burrill Lake, Cockwhy, Conjola, Conjola Park, Croobyar, Cunjurong Point, Dolphin Point, Fishermans Paradise, Kings Point, Kioloa, Lake Conjola, Lake Tabourie, Manyana, Mollymook, Mollymook Beach, Mount Kingiman, Narrawallee, Pointer Mountain, Pretty Beach, Termeil, Ulladulla, Yatte Yattah",NSW
2540,"Barringella, Basin View, Berrara, Boolijah, Brundee, Buangla, Cambewarra, Cambewarra Village, Comerong Island, Culburra Beach, Illaroo, Jerrawangala, Longreach, Mayfield, Meroo Meadow, Mundamia, Nowra Naval Po, St Georges Basin, Tallowal, Tullarwalla, Twelve Mile Peg, Vincentia, Wollumboola, Worrigee, Yalwal",NSW
2541,"Bangalee, Bomaderry, North Nowra, Nowra, Nowra Dc, Nowra East, Nowra North, South Nowra, West Nowra",NSW
2545,"Belowra, Bodalla, Cadgee, Eurobodalla, Nerrigundah, Potato Point",NSW
2546,"Akolele, Barragga Bay, Beauty Point, Bermagui, Central Tilba, Corunna, Cuttagee, Dalmeny, Dignams Creek, Kianga, Murrah, Mystery Bay, Narooma, North Narooma, Tilba Tilba, Tinpot, Wadbilliga, Wallaga Lake, Wallaga Lake Heights",NSW
2548,"Berrambool, Bournda, Merimbula, Mirador, Tura Beach, Yellow Pinch",NSW
2549,"Bald Hills, Broadwater, Greigs Flat, Lochiel, Millingandi, Nethercote, Pambula, Pambula Beach, South Pambula",NSW
2550,"Bega, Bournda, Chinnock, Cobargo, Coolangubra, Doctor George Mountain, Kanoona, Mogareeka, Mogilla, Morans Crossing, Mumbulla Mountain, New Buildings, Numbugga, Quaama, Rocky Hall, Tanja, Tarraganda, Toothdale, Verona, Wallagoot, Wandella, Wapengo, Wog Wog, Wolumla, Yambulla",NSW
2551,"Boydtown, Eden, Edrom, Green Cape, Kiah, Nadgee, Narrabarba, Nullica, Nungatta, Nungatta South, Timbillica, Wonboyn, Wonboyn Lake, Wonboyn North",NSW
2555,Badgerys Creek,NSW
2556,Bringelly,NSW
2557,"Catherine Field, Gledswood Hills, Gregory Hills, Rossmore",NSW
2558,"Eagle Vale, Eschol Park, Kearns",NSW
2559,"Blairmount, Claymore",NSW
2560,"Airds, Ambarvale, Appin, Blair Athol, Bradbury, Campbelltown, Campbelltown North, Cataract, Englorie Park, Gilead, Glen Alpine, Kentlyn, Leumeah, Macarthur Square, Rosemeadow, Ruse, St Helens Park, Wedderburn, Woodbine",NSW
2563,Menangle Park,NSW
2564,"Glenquarie, Long Point, Macquarie Fields",NSW
2565,"Bardia, Denham Court, Ingleburn, Macquarie Links",NSW
2566,"Bow Bowing, Minto, Minto DC, Minto Heights, Raby, St Andrews, Varroville",NSW
2567,"Currans Hill, Harrington Park, Mount Annan, Narellan, Narellan Dc, Narellan Vale, Smeaton Grange",NSW
2568,Menangle,NSW
2569,Douglas Park,NSW
2570,"Belimbla Park, Bickley Vale, Brownlow Hill, Camden, Camden Park, Camden South, Cawdor, Cobbitty, Elderslie, Ellis Lane, Glenmore, Grasmere, Kirkham, Mount Hunter, Nattai, Oakdale, Oran Park, Orangeville, Spring Farm, The Oaks, Theresa Park, Werombi",NSW
2571,"Balmoral, Balmoral Village, Buxton, Couridjah, Maldon, Mowbray Park, Picton, Razorback, Wilton",NSW
2572,"Lakesland, Thirlmere",NSW
2573,Tahmoor,NSW
2574,"Avon, Bargo, Pheasants Nest, Yanderra",NSW
2575,"Alpine, Aylmerton, Balaclava, Braemar, Bullio, Colo Vale, Goodmans Ford, High Range, Hill Top, Joadja, Mandemar, Mittagong, Mount Lindsey, Renwick, Wattle Ridge, Welby, Willow Vale, Woodlands, Yerrinbool",NSW
2576,"Bowral, Burradoo, East Bowral, East Kangaloon, Glenquarry, Kangaloon",NSW
2577,"Avoca, Barren Grounds, Barrengarry, Belanglo, Budgong, Burrawang, Canyonleigh, Carrington Falls, Fitzroy Falls, Kangaroo Valley, Knights Hill, Macquarie Pass, Manchester Square, Medway, Meryla, Moss Vale, Mount Murray, Paddys River, Red Rocks, Sutton Forest, Upper Kangaroo River, Upper Kangaroo Valley, Werai, Wildes Meadow, Yarrunga",NSW
2578,Bundanoon,NSW
2579,"Big Hill, Brayton, Exeter, Marulan, Penrose, Tallong, Wingello",NSW
2580,"Bannaby, Bannister, Bungonia, Carrick, Chatsbury, Golspie, Goulburn, Gundary, Lake Bathurst, Mayfield, Myrtleville, Parkesbourne, Pomeroy, Quialigo, Richlands, Roslyn, Run-O-Waters, Tarago, Tarlo, Tirrannaville, Towrang, Wiarborough, Wombeyan Caves, Woodhouselee, Yarra",NSW
2581,"Bellmount Forest, Bevendale, Biala, Blakney Creek, Breadalbane, Broadway, Collector, Cullerin, Dalton, Gunning, Gurrundah, Lade Vale, Lake George, Lerida, Merrill, Oolong, Wollogorang",NSW
2582,"Bango, Berremangra, Boambolo, Bookham, Bowning, Burrinjuck, Cavan, Good Hope, Jeir, Jerrawa, Kangiara, Laverstock, Manton, Marchmont, Mullion, Murrumbateman, Narrangullen, Wee Jasper, Woolgarlo, Yass, Yass River",NSW
2583,"Bigga, Binda, Blanket Flat, Crooked Corner, Crookwell, Fullerton, Grabben Gullen, Kialla, Laggan, Limerick, Lost River, Narrawa, Peelwood, Pejar, Rugby, Tuena, Wheeo",NSW
2584,Binalong,NSW
2585,Galong,NSW
2586,"Boorowa, Frogmore, Godfreys Creek, Murringo, Reids Flat, Rye Park, Taylors Flat",NSW
2587,"Beggan Beggan, Cunningar, Harden, Kingsvale, Mcmahons Reef, Murrumburrah, Nubba, Wombat",NSW
2588,Wallendbeen,NSW
2590,"Bethungra, Cootamundra, Illabo",NSW
2594,"Barwang, Berthong, Bribbaree, Bulla Creek, Burrangong, Kikiamah, Maimuru, Memagong, Milvale, Monteagle, Thuddungra, Tubbul, Weedallion, Young",NSW
2600,"Barton, Canberra, Capital Hill, Deakin, Deakin West, Duntroon, Harman, Hmas Harman, Parkes, Parliament House, Russell, Yarralumla",ACT
2601,"Acton, Black Mountain, Canberra, City",ACT
2602,"Ainslie, Dickson, Downer, Hackett, Lyneham, O'Connor, Watson",ACT
2603,"Forrest, Griffith, Manuka, Red Hill",ACT
2604,"Causeway, Kingston, Narrabundah",ACT
2605,"Curtin, Garran, Hughes",ACT
2606,"Chifley, Lyons, O'Malley, Phillip, Swinger Hill, Woden",ACT
2607,"Farrer, Isaacs, Mawson, Pearce, Torrens",ACT
2609,"Canberra Airport, Fyshwick, Majura, Pialligo, Symonston",ACT
2611,"Bimberi, Brindabella, Chapman, Cooleman, Coombs, Coree, Duffy, Fisher, Holder, Mount Stromlo, Rivett, Stirling, Stromlo, Uriarra, Uriarra Village, Waramanga, Weston, Weston Creek, Wright",NSW
2612,"Braddon, Campbell, Reid, Turner",ACT
2614,"Aranda, Cook, Hawker, Jamison Centre, Macquarie, Page, Scullin, Weetangera",ACT
2615,"Charnwood, Dunlop, Florey, Flynn, Fraser, Higgins, Holt, Kippax, Kippax Centre, Latham, Macgregor, Melba, Spence",ACT
2616,Belconnen,ACT
2617,"Belconnen, Belconnen DC, Bruce, Evatt, Giralang, Kaleen, Lawson, Mckellar, University Of Canberra",ACT
2618,"Hall, Nanima, Springrange, Wallaroo",NSW
2619,Jerrabomberra,NSW
2620,"Burra, Carwoola, Clear Range, Crestwood, Environa, Googong, Greenleigh, Gundaroo, Karabar, Kowen, Michelago, Queanbeyan, Queanbeyan DC, Queanbeyan East, Queanbeyan West, Royalla, Sutton, The Angle, The Ridgeway, Tinderry, Tralee, Urila, Wamboin, Williamsdale, Yarrow",NSW
2621,"Anembo, Bungendore, Bywong, Forbes Creek, Hoskinstown, Primrose Valley, Rossi",NSW
2622,"Bombay, Boro, Budawang, Bulee, Corang, Durran Durra, Endrick, Harolds Cross, Hereford Hall, Jerrabattgulla, Krawarree, Larbert, Majors Creek, Manar, Marlowe, Mayfield, Monga, Mongarlowe, Nerriga, Reidsdale, Sassafras, Snowball, Tianjara, Touga, Wog Wog",NSW
2623,Captains Flat,NSW
2624,"Charlottes Pass, Perisher Valley, Smiggin Holes",NSW
2625,"Thredbo, Thredbo Village",NSW
2626,"Bredbo, Bumbalong, Colinton",NSW
2627,"Crackenback, East Jindabyne, Grosses Plain, Ingebirah, Jindabyne, Kalkite, Kosciuszko, Kosciuszko National Park, Moonbah, Pilot Wilderness",NSW
2628,"Avonside, Beloka, Berridale, Braemar Bay, Byadbo Wilderness, Cootralantra, Dalgety, Eucumbene, Hill Top, Nimmo, Numbla Vale, Paupong, Rocky Plain, Snowy Plain",NSW
2629,"Adaminaby, Anglers Reach, Bolaro, Cabramurra, Kiandra, Long Plain, Old Adaminaby, Providence Portal, Tantangara, Yaouk",NSW
2630,"Badja, Billilingra, Binjura, Bobundara, Buckenderra, Bungarby, Bunyan, Coolringdon, Cooma North, Dairymans Plains, Dangelong, Dry Plain, Frying Pan, Glen Fergus, Jerangle, Maffra, Middle Flat, Murrumbucca, Peak View, Pine Valley, Rose Valley, Shannons Flat, The Brothers, Tuross, Wambrook",NSW
2631,"Ando, Boco, Creewah, Glen Allen, Greenlands, Holts Flat, Jincumbilly, Kybeyan, Mount Cooper, Nimmitabel, Steeple Flat, Winifred",NSW
2632,"Bibbenluke, Bombala, Bondi Forest, Bukalong, Cambalong, Cathcart, Coolumbooka, Craigie, Gunningrah, Lords Hill, Merriangaah, Mila, Mount Darragh, Paddys Flat, Palarang, Quidong, Rockton, Rosemeath",NSW
2633,"Corrowong, Delegate, Tombong",NSW
2640,"Albury, Bungowannah, East Albury, Ettamogah, Glenroy, Lavington Dc, Moorwatha, North Albury, Ournie, South Albury, Splitters Creek, Table Top, Talmalmo, Thurgoona, West Albury, Wirlinga, Wymah",NSW
2641,"Hamilton Valley, Lavington, Springdale Heights",NSW
2642,"Bidgeemia, Brocklesby, Burrumbuttock, Geehi, Gerogery, Glenellen, Greg Greg, Indi, Jagumba, Jagungal Wilderness, Jindera, Jingellic, Khancoban, Murray Gorge, Rand, Tooma, Walbundrie, Welaregang, Wrathall, Yerong Creek",NSW
2643,Howlong,NSW
2644,"Bowna, Coppabella, Holbrook, Lankeys Creek, Little Billabong, Mountain Creek, Mullengandra, Wantagong, Woomargama, Yarara",NSW
2645,"Cullivel, Urana",NSW
2646,"Balldale, Collendina, Coreen, Corowa, Daysdale, Goombargana, Hopefield, Lowesdale, Nyora, Oaklands, Redlands, Rennie, Ringwood, Sanger, Savernake",NSW
2647,Mulwala,NSW
2648,"Anabranch North, Anabranch South, Cal Lal, Curlwaa, Ellerslie, Moorara, Mourquong, Palinyewah, Pan Ban, Para, Pine Camp, Pomona, Pooncarie, Rufus, Rufus River, Scotia, Wentworth",NSW
2649,"Laurel Hill, Nurenmerenmong",NSW
2650,"Alfredtown, Ashmont, Belfrayden, Boorooma, Brucedale, Carabost, Collingullie, Cookardinia, Currawarna, Downside, East Wagga Wagga, Glenfield Park, Kooringal, Moorong, Mount Austin, North Wagga Wagga, Oura, Rowan, San Isidore, Springvale, The Gap, Tolland, Wallacetown, Yarragundry, Yathella",NSW
2651,"Forest Hill, Wagga Wagga Raaf",NSW
2652,"Boorga, Boree Creek, Cowabbie, Galore, Goolgowi, Grong Grong, Gumly Gumly, Humula, Ladysmith, Landervale, Mangoplah, Marrar, Matong, Merriwagga, Murrulebale, Old Junee, Rosewood, Tabbita, Tarcutta, Uranquinty",NSW
2653,"Burra, Courabyra, Glenroy, Mannus, Maragle, Munderoo, Paddys River, Taradale, Tumbarumba, Westdale, Willigobung",NSW
2655,"French Park, The Rock, Tootool",NSW
2656,"Brookdale, Brookong, Fargunyah, Lockhart, Milbrulong, Osborne, Urangeline, Urangeline East",NSW
2658,"Henty, Munyabla, Pleasant Hills, Ryan",NSW
2659,"Alma Park, Walla Walla",NSW
2660,"Culcairn, Morven",NSW
2661,Kapooka,NSW
2663,"Erin Vale, Eurongilly, Junee, Marinna, Wantiool",NSW
2665,"Ardlethan, Ariah Park, Barellan, Beckom, Bectric, Binya, Kamarah, Mirrool, Moombooldool, Quandary, Tara, Walleroobie",NSW
2666,"Combaning, Dirnaseer, Gidginbung, Grogan, Junee Reefs, Mimosa, Morangarell, Narraburra, Pucawan, Reefton, Sebastopol, Springdale, Temora, Trungley Hall",NSW
2668,Barmedman,NSW
2669,"Bygalorie, Erigolia, Girral, Gubbata, Kikoira, Melbergen, Naradhan, Rankins Springs, Tallimba, Tullibigeal, Ungarie, Weethalle",NSW
2671,"Alleena, Back Creek, Burcher, Lake Cowal, North Yalgogrin, West Wyalong, Wyalong",NSW
2672,"Burgooney, Curlew Waters, Lake Cargelligo, Murrin Bridge",NSW
2675,"Hillston, Lake Brewster, Monia Gap, Roto, Wallanthery",NSW
2678,"Charles Sturt University, Riverina Mc",NSW
2680,"Beelbangera, Benerembah, Bilbul, Griffith, Griffith DC, Griffith East, Hanwood, Kooba, Lake Wyangan, Nericon, Tharbogang, Warburn, Warrawidgee, Widgelli, Willbriggie, Yoogali",NSW
2681,"Myall Park, Yenda",NSW
2700,"Bundure, Colinroobie, Corobimilla, Cudgel, Euroley, Gillenbah, Morundah, Narrandera, Sandigo",NSW
2701,"Berry Jerry, Coolamon, Methul, Rannock",NSW
2702,Ganmain,NSW
2703,Yanco,NSW
2705,"Brobenah, Corbie Hill, Gogeldrie, Leeton, Merungle Hill, Murrami, Stanbridge, Wamoon, Whitton",NSW
2706,Darlington Point,NSW
2707,"Argoon, Coleambally",NSW
2710,"Barratta, Birganbigil, Booroorban, Bullatale, Caldwell, Calimo, Conargo, Coree, Deniliquin, Gulpa, Hartwood, Lindifferon, Mathoura, Mayrung, Moira, Moonbria, Morago, Pretty Pine, Steam Plains, Stud Park, Wakool, Wandook, Wanganella, Warragoon, Willurah",NSW
2711,"Booligal, Carrathool, Clare, Corrong, Gunbar, Hay, Hay South, Keri Keri, Maude, One Tree, Oxley, Waugorah, Yanga",NSW
2712,"Berrigan, Boomanoomana",NSW
2713,"Blighty, Finley, Logie Brae, Myrtle Park",NSW
2714,"Aratula, Pine Lodge, Tocumwal, Tuppal",NSW
2715,"Arumpo, Balranald, Hatfield, Kyalite, Mungo",NSW
2716,"Four Corners, Gala Vale, Jerilderie, Mabins Well, Mairjimmy",NSW
2717,"Coomealla, Dareton",NSW
2720,"Argalong, Bogong Peaks Wilderness, Bombowlee, Bombowlee Creek, Buddong, Couragago, Gadara, Gilmore, Gocup, Goobarragandra, Jones Bridge, Killimicat, Lacmalac, Little River, Minjary, Mundongo, Pinbeyan, Red Hill, Talbingo, Tumorrama, Tumut, Tumut Plains, Wereboldera, Wermatong, Windowie",NSW
2721,"Bland, Quandialla",NSW
2722,"Brungle, Brungle Creek, Burra Creek, Darbalara, Gundagai, Jones Creek, Muttama, Nangus, South Gundagai",NSW
2725,Stockinbingal,NSW
2726,"Cooneys Creek, Jugiong",NSW
2727,"Adjungbilly, Coolac, Gobarralong",NSW
2729,"Adelong, Bangadang, Black Creek, Califat, Cooleys Creek, Darlow, Ellerslie, Grahamstown, Mount Adrah, Mount Horeb, Mundarlo, Sandy Gully, Sharps Creek, Tumblong, Westwood, Wondalga, Yaven Creek",NSW
2730,"Batlow, Green Hills, Kunama, Lower Bago",NSW
2731,"Bunnaloo, Moama, Tantonan, Thyra, Womboota",NSW
2732,"Barham, Burraboi, Cobramunga, Gonn, Noorong, Thule, Tullakool",NSW
2733,"Dhuragoon, Moulamein, Niemur",NSW
2734,"Cunninyeuk, Dilpurra, Kyalite, Mallan, Mellool, Moolpa, Murray Downs, Stony Crossing, Tooranie, Wetuppa",NSW
2735,"Koraleigh, Speewa",NSW
2736,"Goodnight, Tooleybuc",NSW
2737,Euston,NSW
2738,"Gol Gol, Mallee, Monak, Paringi, Trentham Cliffs",NSW
2739,"Boeill Creek, Buronga, Mourquong",NSW
2745,"Glenmore Park, Greendale, Luddenham, Mulgoa, Regentville, Wallacia",NSW
2747,"Caddens, Cambridge Gardens, Cambridge Park, Claremont Meadows, Jordan Springs, Kingswood, Llandilo, Shanes Park, Werrington, Werrington County, Werrington Downs",NSW
2748,Orchard Hills,NSW
2749,"Castlereagh, Cranebrook",NSW
2750,"Emu Heights, Emu Plains, Jamisontown, Leonay, Penrith, Penrith Plaza, Penrith South, South Penrith",NSW
2751,Penrith,NSW
2752,"Silverdale, Warragamba",NSW
2753,"Agnes Banks, Bowen Mountain, Grose Vale, Grose Wold, Hobartville, Londonderry, Richmond, Richmond Lowlands, Yarramundi",NSW
2754,"North Richmond, Tennyson, The Slopes",NSW
2755,"Richmond, Richmond Raaf",NSW
2756,"Cattai, Central Colo, Clarendon, Colo, Colo Heights, Cornwallis, Cumberland Reach, Ebenezer, Freemans Reach, Glossodia, Lower Portland, Mcgraths Hill, Mellong, Mulgrave, Pitt Town, Pitt Town Bottoms, Sackville, Sackville North, Scheyville, South Windsor, Upper Colo, Wilberforce, Windsor, Windsor Downs, Womerah",NSW
2757,Kurmond,NSW
2758,"Berambing, Bilpin, Blaxlands Ridge, East Kurrajong, Kurrajong, Kurrajong Heights, Kurrajong Hills, Mount Tomah, Mountain Lagoon, The Devils Wilderness, Wheeny Creek",NSW
2759,"Erskine Park, St Clair",NSW
2760,"Colyton, North St Marys, Oxley Park, Ropes Crossing, St Marys, St Marys East, St Marys South",NSW
2761,"Colebee, Dean Park, Glendenning, Hassall Grove, Oakhurst, Plumpton",NSW
2762,Schofields,NSW
2763,"Acacia Gardens, Quakers Hill",NSW
2765,"Berkshire Park, Box Hill, Maraylya, Marsden Park, Nelson, Oakville, Riverstone, Vineyard",NSW
2766,"Eastern Creek, Rooty Hill",NSW
2767,"Bungarribee, Doonside, Woodcroft",NSW
2768,"Glenwood, Parklea, Stanhope Gardens",NSW
2769,The Ponds,NSW
2770,"Bidwill, Blackett, Dharruk, Emerton, Hebersham, Lethbridge Park, Minchinbury, Mount Druitt, Mount Druitt Village, Shalvey, Tregear, Whalan, Willmot",NSW
2773,"Glenbrook, Lapstone",NSW
2774,"Blaxland, Blaxland East, Mount Riverview, Warrimoo",NSW
2775,"Central Macdonald, Fernances, Gunderman, Higher Macdonald, Laughtondale, Leets Vale, Lower Hawkesbury, Lower Macdonald, Marlow, Mogo Creek, Perrys Crossing, Singletons Mill, Spencer, St Albans, Upper Macdonald, Webbs Creek, Wisemans Ferry, Wrights Creek",NSW
2776,Faulconbridge,NSW
2777,"Hawkesbury Heights, Springwood, Sun Valley, Valley Heights, Winmalee, Yellow Rock",NSW
2778,"Linden, Woodford",NSW
2779,Hazelbrook,NSW
2780,"Katoomba, Katoomba DC, Leura, Medlow Bath",NSW
2782,Wentworth Falls,NSW
2783,Lawson,NSW
2784,Bullaburra,NSW
2785,"Blackheath, Megalong, Megalong Valley",NSW
2786,"Bell, Dargan, Mount Irvine, Mount Victoria, Mount Wilson",NSW
2787,"Black Springs, Chatham Valley, Duckmaloi, Edith, Essington, Gingkin, Gurnang, Hazelgrove, Jaunter, Kanangra, Mayfield, Mount Olive, Mount Werong, Mozart, Norway, Oberon, Porters Retreat, Shooters Hill, Tarana, The Meadows",NSW
2790,"Ben Bullen, Bowenfels, Cobar Park, Cullen Bullen, Good Forest, Hampton, Hartley, Hartley Vale, Jenolan, Jenolan Caves, Lidsdale, Lithgow, Lowther, Marrangaroo, Morts Estate, Newnes, Newnes Plateau, Oaky Park, Pottery Estate, Rydal, Sodwalls, South Bowenfels, South Littleton, Vale Of Clwydd, Wolgan Valley",NSW
2791,"Carcoar, Errowanbang",NSW
2792,"Burnt Yards, Mandurama",NSW
2793,"Darbys Falls, Roseberg, Woodstock",NSW
2794,"Bumbaldry, Cowra, Hovells Creek, Mount Collins, Noonbinna, Wattamondara, Westville",NSW
2795,"Abercrombie River, Arkell, Bathampton, Billywillinga, Brewongle, Burraga, Charles Sturt University, Cow Flat, Evans Plains, Fosters Valley, Glanmire, Gormans Hill, Isabella, Judds Creek, Laffing Waters, Meadow Flat, Perthville, Raglan, Rock Forest, Turondale, Upper Turon, Wattle Flat, West Bathurst, Winburndale, Yarras",NSW
2797,"Garland, Lyndhurst",NSW
2798,"Forest Reefs, Guyong, Millthorpe, Spring Terrace, Tallwood",NSW
2799,"Barry, Blayney, Browns Creek, Fitzgeralds Mount, Kings Plains, Neville, Vittoria",NSW
2800,"Belgravia, Borenore, Byng, Cadia, Canobolas, Cargo, Clergate, Clifton Grove, Huntley, Kangaroobie, Kerrs Creek, Lewis Ponds, Lidster, Lower Lewis Ponds, March, Mullion Creek, Narrambla, Nashdale, Ophir, Orange East, Panuara, Spring Creek, Summer Hill Creek, Waldegrave, Windera",NSW
2803,"Bendick Murrell, Crowther, Wirrimah",NSW
2804,"Billimari, Canowindra, Moorbel, Nyrang Creek",NSW
2805,Gooloogong,NSW
2806,Eugowra,NSW
2807,Koorawatha,NSW
2808,Wyangala,NSW
2809,Greenethorpe,NSW
2810,"Bimbi, Caragabal, Glenelg, Grenfell, Piney Range, Pinnacle, Pullabooka, Warraderry",NSW
2817,(Suburb data unavailable),(Unknown)
2818,"Benolong, Geurie, Ponto, Terrabella",NSW
2820,"Apsley, Arthurville, Bakers Swamp, Bodangora, Comobella, Curra Creek, Dripstone, Farnham, Gollan, Lake Burrendong, Maryvale, Medway, Montefiores, Mookerawa, Mount Aquila, Mount Arthur, Mumbil, Neurea, Spicers Creek, Stuart Town, Suntop, Walmer, Wellington, Wuuluman, Yarragal",NSW
2821,"Burroway, Narromine",NSW
2822,(Suburb data unavailable),(Unknown)
2823,"Bundemar, Cathundral, Dandaloo, Gin Gin, Trangie",NSW
2824,"Beemunnel, Bullagreen, Eenaweena, Marthaguy, Mount Foster, Mount Harris, Mumblebone Plain, Oxley, Pigeonbah, Pine Clump, Ravenswood, Red Hill, Snakes Plain, Tenandra, Warren",NSW
2825,"Babinda, Bogan, Buddabadah, Canonba, Honeybugle, Miandetta, Mulla, Mullengudgery, Murrawombie, Nyngan, Pangee",NSW
2826,"Bogan, Nevertire",NSW
2827,"Bearbong, Biddon, Breelong, Collie, Curban, Gilgandra, Merrigal",NSW
2828,"Armatree, Black Hollow, Bourbah, Gulargambone, Mount Tenandra, Quanda, Tonderburine, Warrumbungle",NSW
2829,"Billeroy, Combara, Conimbia, Coonamble, Gilgooma, Gungalman, Magometon, Nebea, Pine Grove, Teridgerie, Tooloon, Urawilkie, Wingadee",NSW
2830,"Ballimore, Brocklehurst, Dubbo, Dubbo DC, Dubbo East, Dubbo Grove, Dubbo West, Goonoo Forest, Kickabil, Minore, Mogriguy, Muronbung, Rawsonville, Terramungamine, Toongi, Wambangalang",NSW
2831,"Armatree, Balladoran, Byrock, Carinda, Coolabah, Elong Elong, Eumungerie, Girilambone, Goodooga, Hermidale, Macquarie Marshes, Merrygoen, Neilrex, Nevertire, Nymagee, Quambone, The Marra, Tooraweenah, Wongarbon",NSW
2832,"Come By Chance, Cryon, Cumborah, Walgett",NSW
2833,Collarenebri,NSW
2834,"Angledool, Lightning Ridge",NSW
2835,"Bulla, Canbelego, Cobar, Cubba, Gilgunnia, Irymple, Kerrigundi, Kulwin, Noona, Sandy Creek, Tindarey",NSW
2836,"White Cliffs, Wilcannia",NSW
2838,Goodooga,NSW
2839,"Brewarrina, Collerina, Gongolgon, Narran Lake, Talawanta, Weilmoringle",NSW
2840,"Barringun, Bourke, Enngonia, Fords Bridge, Gumbalie, Gunderbooka, Hungerford, Louth, North Bourke, Tilpa, Urisino, Wanaaring, Yantabulla",NSW
2842,"Mendooran, Mollyan, New Mollyan, Yarragrin",NSW
2843,Coolah,NSW
2844,"Birriwa, Cobbora, Dunedoo, Leadville",NSW
2845,Wallerawang,NSW
2846,"Capertee, Glen Davis, Round Swamp",NSW
2847,"Pipers Flat, Portland",NSW
2848,"Brogans Creek, Charbon, Clandulla, Kandos",NSW
2849,"Bogee, Breakfast Creek, Budden, Bylong, Camboon, Coggan, Coxs Creek, Coxs Crown, Dabee, Dungeree, Dunville Loop, Ginghi, Growee, Kelgoola, Lee Creek, Mount Marsden, Murrumbo, Nullo Mountain, Olinda, Pinnacle Swamp, Reedy Creek, Rylstone, Upper Bylong, Upper Growee, Wirraba",NSW
2850,"Aarons Pass, Avisford, Bara, Barigan, Burrundulla, Canadian Lead, Carcalgong, Cooyal, Cullenbone, Erudgere, Galambine, Grattai, Green Gully, Hayes Gap, Hill End, Home Rule, Milroy, Mogo, Queens Pinch, Riverlea, Spring Flat, Tichular, Totnes Valley, Ullamalla, Yarrabin",NSW
2852,"Barneys Reef, Beryl, Bungaba, Cope, Cumbandry, Goolma, Gulgong, Guntawang, Mebul, Merotherie, Stubbo, Tallawang, Two Mile Flat",NSW
2864,"Bowan Park, Cudal, Murga, Toogong",NSW
2865,"Bocobra, Gumble, Manildra",NSW
2866,"Amaroo, Boomey, Cundumbul, Euchareena, Garra, Larras Lee, Molong",NSW
2867,"Baldry, Cumnock, Eurimbla, Loombah, Yullundry",NSW
2868,"Bournewood, North Yeoval, Obley, Yeoval",NSW
2869,"Peak Hill, Tomingley, Trewilga",NSW
2870,"Alectown, Bumberry, Cookamidgera, Cooks Myalls, Daroobalgie, Goonumbla, Mandagery, Parkes, Tichborne",NSW
2871,"Bedgerabong, Bedgerebong, Corinella, Fairholme, Forbes, Garema, Gunning Gap, Jemalong, Mulyandry, Ooma, Paytens Bridge, Warroo, Wirrinya",NSW
2873,"Albert, Five Ways, Miamley, Tottenham",NSW
2874,Tullamore,NSW
2875,"Bruie Plains, Fifield, Ootha, Trundle, Yarrabandai",NSW
2876,"Bogan Gate, Gunningbland, Nelungaloo",NSW
2877,"Bobadah, Boona Mount, Condobolin, Derriwong, Eremerang, Euabalong, Euabalong West, Kiacatoo, Mount Hope, Mulguthrie",NSW
2878,"Conoble, Ivanhoe, Mossgiel, Trida",NSW
2879,"Menindee, Sunset Strip",NSW
2880,"Broken Hill, Broken Hill North, Broken Hill West, Broughams Gate, Fowlers Gap, Little Topar, Milparinka, Mutawintji, Packsaddle, Silverton, South Broken Hill, Tibooburra",NSW
2898,Lord Howe Island,NSW
2899,Norfolk Island,NSW
2900,"Greenway, Tuggeranong",ACT
2902,"Kambah, Kambah Village",ACT
2903,"Erindale Centre, Oxley, Wanniassa",ACT
2904,"Fadden, Gowrie, Macarthur, Monash",ACT
2905,"Bonython, Calwell, Chisholm, Gilmore, Isabella Plains, Richardson, Theodore",ACT
2906,"Banks, Conder, Gordon",ACT
2911,"Crace, Mitchell",ACT
2912,Gungahlin,ACT
2913,"Casey, Franklin, Ginninderra Village, Kinlyside, Ngunnawal, Nicholls, Palmerston, Taylor",ACT
2914,"Amaroo, Bonner, Forde, Harrison, Jacka, Moncrieff",ACT
3000,Melbourne,VIC
3002,East Melbourne,VIC
3003,West Melbourne,VIC
3004,"Melbourne, St Kilda Road Central, St Kilda Road Melbourne",VIC
3006,"South Wharf, Southbank",VIC
3008,Docklands,VIC
3011,"Footscray, Seddon, Seddon West",VIC
3012,"Brooklyn, Kingsville, Maidstone, Tottenham, West Footscray",VIC
3013,"Yarraville, Yarraville West",VIC
3015,"Newport, South Kingsville, Spotswood",VIC
3016,"Williamstown, Williamstown North",VIC
3018,"Altona, Seaholme",VIC
3019,"Braybrook, Robinson",VIC
3020,"Albion, Glengala, Sunshine, Sunshine North, Sunshine West",VIC
3021,"Albanvale, Kealba, Kings Park, St Albans",VIC
3022,"Ardeer, Deer Park East",VIC
3023,"Burnside, Burnside Heights, Cairnlea, Caroline Springs, Deer Park, Deer Park North, Ravenhall",VIC
3024,"Mambourin, Mount Cottrell, Wyndham Vale",VIC
3025,"Altona East, Altona Gate, Altona North",VIC
3026,Laverton North,VIC
3027,Williams Landing,VIC
3028,"Altona Meadows, Laverton, Seabrook",VIC
3029,"Hoppers Crossing, Tarneit, Truganina",VIC
3030,"Cocoroc, Derrimut, Point Cook, Quandong, Werribee, Werribee South",VIC
3031,"Flemington, Kensington",VIC
3032,"Ascot Vale, Highpoint City, Maribyrnong, Travancore",VIC
3033,Keilor East,VIC
3034,Avondale Heights,VIC
3036,"Keilor, Keilor North",VIC
3037,"Calder Park, Delahey, Hillside, Sydenham, Taylors Hill",VIC
3038,"Keilor Downs, Keilor Lodge, Taylors Lakes, Watergardens",VIC
3039,Moonee Ponds,VIC
3040,"Aberfeldie, Essendon, Essendon West",VIC
3041,"Cross Keys, Essendon Fields, Essendon North, Strathmore, Strathmore Heights",VIC
3042,"Airport West, Keilor Park, Niddrie, Niddrie North",VIC
3043,"Gladstone Park, Gowanbrae, Tullamarine",VIC
3044,"Pascoe Vale, Pascoe Vale South",VIC
3045,Melbourne Airport,VIC
3046,"Glenroy, Hadfield, Oak Park",VIC
3047,"Broadmeadows, Dallas, Jacana",VIC
3048,"Coolaroo, Meadow Heights",VIC
3049,"Attwood, Westmeadows",VIC
3050,Royal Melbourne Hospital,VIC
3051,"Hotham Hill, North Melbourne",VIC
3052,"Melbourne University, Parkville",VIC
3053,"Carlton, Carlton South",VIC
3054,"Carlton North, Princes Hill",VIC
3055,"Brunswick South, Brunswick West, Moonee Vale, Moreland West",VIC
3056,"Brunswick, Brunswick Lower, Brunswick North",VIC
3057,"Brunswick East, Sumner",VIC
3058,"Batman, Coburg, Coburg North, Merlynston, Moreland",VIC
3059,Greenvale,VIC
3060,Fawkner,VIC
3061,Campbellfield,VIC
3062,Somerton,VIC
3063,"Oaklands Junction, Yuroke",VIC
3064,"Craigieburn, Donnybrook, Kalkallo, Mickleham, Roxburgh Park",VIC
3065,Fitzroy,VIC
3066,"Collingwood, Collingwood North",VIC
3067,Abbotsford,VIC
3068,"Clifton Hill, Fitzroy North",VIC
3070,"Northcote, Northcote South",VIC
3071,Thornbury,VIC
3072,"Gilberton, Northland Centre, Preston, Preston Lower, Preston South, Preston West, Regent West",VIC
3073,"Keon Park, Reservoir",VIC
3074,Thomastown,VIC
3075,Lalor,VIC
3076,"Epping, Epping Dc",VIC
3078,"Alphington, Fairfield",VIC
3079,"Ivanhoe, Ivanhoe East, Ivanhoe North",VIC
3081,"Bellfield, Heidelberg Heights, Heidelberg Rgh, Heidelberg West",VIC
3082,Mill Park,VIC
3083,"Bundoora, Kingsbury, La Trobe University",VIC
3084,"Banyule, Eaglemont, Heidelberg, Rosanna, Viewbank",VIC
3085,"Macleod, Macleod West, Yallambie",VIC
3086,La Trobe University,VIC
3087,"Watsonia, Watsonia North",VIC
3088,"Briar Hill, Greensborough, Saint Helena, St Helena",VIC
3089,Diamond Creek,VIC
3090,Plenty,VIC
3091,Yarrambat,VIC
3093,Lower Plenty,VIC
3094,Montmorency,VIC
3095,"Eltham, Eltham North, Research",VIC
3096,Wattle Glen,VIC
3097,"Bend Of Islands, Kangaroo Ground, Watsons Creek",VIC
3099,"Arthurs Creek, Cottles Bridge, Hurstbridge, Nutfield, Strathewen",VIC
3101,"Cotham, Kew",VIC
3102,Kew East,VIC
3103,"Balwyn, Balwyn East, Deepdene, Stradbroke Park",VIC
3104,"Balwyn North, Greythorn",VIC
3105,Bulleen,VIC
3106,Templestowe,VIC
3107,Templestowe Lower,VIC
3108,Doncaster,VIC
3109,"Doncaster East, Doncaster Heights, Tunstall Square Po",VIC
3111,Donvale,VIC
3113,"North Warrandyte, Warrandyte",VIC
3114,Park Orchards,VIC
3115,Wonga Park,VIC
3116,Chirnside Park,VIC
3121,"Burnley, Burnley North, Cremorne, Richmond, Richmond East, Richmond North, Richmond South",VIC
3122,"Auburn South, Glenferrie South, Hawthorn, Hawthorn North, Hawthorn West",VIC
3123,"Auburn, Hawthorn East",VIC
3124,"Camberwell, Camberwell North, Camberwell South, Camberwell West, Hartwell, Middle Camberwell",VIC
3125,"Bennettswood, Burwood, Surrey Hills South",VIC
3126,"Camberwell East, Canterbury",VIC
3127,"Mont Albert, Surrey Hills, Surrey Hills North",VIC
3128,"Box Hill, Box Hill Central, Box Hill South, Houston, Wattle Park",VIC
3129,"Box Hill North, Kerrimuir, Mont Albert North",VIC
3130,"Blackburn, Blackburn North, Blackburn South, Laburnum",VIC
3131,"Brentford Square, Forest Hill, Nunawading",VIC
3132,"Mitcham, Mitcham North, Rangeview",VIC
3133,"Vermont, Vermont South",VIC
3134,"Heathwood, Ringwood, Ringwood North, Warrandyte South, Warranwood",VIC
3135,"Bedford Road, Heathmont, Ringwood East",VIC
3136,"Croydon, Croydon Hills, Croydon North, Croydon South",VIC
3137,"Kilsyth, Kilsyth South",VIC
3138,Mooroolbark,VIC
3139,"Beenak, Don Valley, Hoddles Creek, Launching Place, Seville, Seville East, Wandin East, Wandin North, Woori Yallock, Yellingbo",VIC
3140,Lilydale,VIC
3141,South Yarra,VIC
3142,"Hawksburn, Toorak",VIC
3143,"Armadale, Armadale North",VIC
3144,"Kooyong, Malvern, Malvern North",VIC
3145,"Caulfield East, Central Park, Darling, Darling South, Malvern East, Wattletree Road Po",VIC
3146,"Glen Iris, Tooronga",VIC
3147,"Ashburton, Ashwood",VIC
3148,"Chadstone, Chadstone Centre, Holmesglen, Jordanville",VIC
3149,"Mount Waverley, Pinewood, Syndal",VIC
3150,"Brandon Park, Glen Waverley, Wheelers Hill",VIC
3151,"Burwood East, Burwood Heights",VIC
3152,"Knox City Centre, Studfield, Wantirna, Wantirna South",VIC
3153,"Bayswater, Bayswater North",VIC
3154,The Basin,VIC
3155,Boronia,VIC
3156,"Ferntree Gully, Lysterfield, Lysterfield South, Mountain Gate, Upper Ferntree Gully",VIC
3158,Upwey,VIC
3159,"Menzies Creek, Selby",VIC
3160,"Belgrave, Belgrave Heights, Belgrave South, Tecoma",VIC
3161,"Caulfield Junction, Caulfield North",VIC
3162,"Caulfield, Caulfield South, Hopetoun Gardens",VIC
3163,"Booran Road Po, Carnegie, Glen Huntly, Murrumbeena",VIC
3164,Dandenong South,VIC
3165,"Bentleigh East, Coatesville",VIC
3166,"Hughesdale, Huntingdale, Oakleigh, Oakleigh East",VIC
3167,Oakleigh South,VIC
3168,"Clayton, Notting Hill",VIC
3169,"Clarinda, Clayton South",VIC
3170,"Mulgrave, Waverley Gardens",VIC
3171,"Sandown Village, Springvale",VIC
3172,"Dingley Village, Springvale South",VIC
3173,Keysborough,VIC
3174,"Noble Park, Noble Park North",VIC
3175,"Bangholme, Dandenong, Dandenong East, Dandenong North, Dandenong South, Dunearn",VIC
3177,"Doveton, Eumemmerring",VIC
3178,Rowville,VIC
3179,Scoresby,VIC
3180,Knoxfield,VIC
3181,"Prahran, Prahran East, Windsor",VIC
3182,"St Kilda, St Kilda South, St Kilda West",VIC
3183,"Balaclava, St Kilda East",VIC
3184,"Brighton Road, Elwood",VIC
3185,"Elsternwick, Gardenvale, Ripponlea",VIC
3186,"Brighton, Brighton North, Dendy, Were Street Po",VIC
3187,"Brighton East, North Road",VIC
3188,"Hampton, Hampton East, Hampton North",VIC
3189,"Moorabbin, Moorabbin East, Wishart",VIC
3190,Highett,VIC
3191,Sandringham,VIC
3192,"Cheltenham, Cheltenham East, Southland Centre",VIC
3193,"Beaumaris, Black Rock, Black Rock North, Cromer",VIC
3194,"Mentone, Mentone East, Moorabbin Airport",VIC
3195,"Aspendale, Aspendale Gardens, Braeside, Mordialloc, Parkdale, Waterways",VIC
3196,"Bonbeach, Chelsea, Chelsea Heights, Edithvale",VIC
3197,"Carrum, Patterson Lakes",VIC
3198,"Belvedere Park, Seaford",VIC
3199,"Frankston, Frankston East, Frankston Heights, Frankston South, Karingal, Karingal Centre",VIC
3200,"Frankston North, Pines Forest",VIC
3201,Carrum Downs,VIC
3202,Heatherton,VIC
3204,"Bentleigh, Mckinnon, Ormond, Patterson",VIC
3205,"South Melbourne, South Melbourne Dc",VIC
3206,"Albert Park, Middle Park",VIC
3207,"Garden City, Port Melbourne",VIC
3211,Little River,VIC
3212,"Avalon, Lara, Point Wilson",VIC
3213,"Anakie, Batesford, Lovely Banks, Moorabool",VIC
3214,"Corio, Norlane, North Shore",VIC
3215,"Bell Park, Bell Post Hill, Drumcondra, Geelong North, Hamlyn Heights, North Geelong, Rippleside",VIC
3216,"Belmont, Freshwater Creek, Grovedale, Grovedale East, Highton, Marshall, Mount Duneed, Wandana Heights, Waurn Ponds",VIC
3217,"Armstrong Creek, Charlemont, Deakin University, Freshwater Creek, Mount Duneed",VIC
3218,"Fyansford, Geelong West, Herne Hill, Manifold Heights, Murgheboluc, Stonehaven",VIC
3219,"Breakwater, East Geelong, Newcomb, St Albans Park, Thomson, Whittington",VIC
3220,"Bareena, Geelong, Newtown, South Geelong",VIC
3221,"Anakie, Barrabool, Batesford, Bellarine, Ceres, Fyansford, Geelong Mc, Gnarwarre, Kennett River, Lovely Banks, Moolap, Moorabool, Murgheboluc, Staughton Vale, Stonehaven, Wallington, Wongarra, Wye River",VIC
3222,"Clifton Springs, Curlewis, Drysdale, Mannerim, Marcus Hill, Wallington",VIC
3223,"Bellarine, Indented Head, Portarlington, St Leonards",VIC
3224,"Leopold, Moolap",VIC
3225,"Point Lonsdale, Queenscliff, Swan Bay, Swan Island",VIC
3226,Ocean Grove,VIC
3227,"Barwon Heads, Breamlea, Connewarre",VIC
3228,"Bellbrae, Bells Beach, Jan Juc, Torquay",VIC
3230,Anglesea,VIC
3231,"Aireys Inlet, Big Hill, Eastern View, Fairhaven, Moggs Creek",VIC
3232,Lorne,VIC
3233,"Apollo Bay, Cape Otway, Marengo, Petticoat Creek, Skenes Creek, Skenes Creek North",VIC
3234,"Grey River, Kennett River, Separation Creek, Sugarloaf, Wongarra, Wye River",VIC
3235,"Benwerrin, Boonah, Deans Marsh, Pennyroyal",VIC
3236,"Forrest, Mount Sabine",VIC
3237,"Aire Valley, Beech Forest, Ferguson, Gellibrand Lower, Wattle Hill, Weeaproinah, Wyelangta, Yuulong",VIC
3238,"Glenaire, Hordern Vale, Johanna, Lavers Hill",VIC
3239,"Carlisle River, Chapple Vale, Gellibrand, Kennedys Creek",VIC
3240,"Buckley, Gherang, Modewarre, Moriac, Mount Moriac, Paraparap",VIC
3241,"Bambra, Ombersley, Wensleydale, Winchelsea, Winchelsea South, Wurdiboluc",VIC
3242,Birregurra,VIC
3243,"Barwon Downs, Gerangamete, Murroon, Warncoort, Whoorel",VIC
3249,"Alvie, Balintore, Barongarook, Barongarook West, Barramunga, Coragulac, Corunnun, Dreeite, Dreeite South, Gerangamete, Irrewarra, Irrewillipe, Irrewillipe East, Kawarren, Larpent, Nalangil, Ondit, Pirron Yallock, Pomborneit East, Swan Marsh, Tanybryn, Warrion, Wool Wool, Yeo, Yeodene",VIC
3250,"Colac, Colac East, Colac West, Elliminyt",VIC
3251,"Beeac, Cundare, Cundare North, Eurack, Weering",VIC
3254,Cororooke,VIC
3260,"Bookaar, Bostocks Creek, Bungador, Camperdown, Carpendeit, Chocolyn, Gnotuk, Kariah, Koallah, Leslie Manor, Pomborneit, Pomborneit North, Skibo, South Purrumbete, Stonyford, Tandarook, Tesbury, Weerite",VIC
3264,Terang,VIC
3265,"Boorcan, Cudgee, Dixie, Ecklin South, Ellerslie, Framlingham, Framlingham East, Garvoc, Glenormiston North, Glenormiston South, Kolora, Laang, Noorat, Noorat East, Panmure, Taroon, The Sisters",VIC
3266,"Bullaharre, Cobden, Cobrico, Elingamite, Elingamite North, Glenfyne, Jancourt, Jancourt East, Naroghid, Simpson",VIC
3267,Scotts Creek,VIC
3268,"Ayrford, Brucknell, Cooriemungle, Cowleys Creek, Curdie Vale, Curdies River, Curdievale, Heytesbury Lower, Newfield, Nirranda, Nirranda East, Nirranda South, Nullawarre, Nullawarre North, Paaratte, The Cove, Timboon, Timboon West",VIC
3269,"Port Campbell, Princetown, Waarre",VIC
3270,Peterborough,VIC
3271,"Darlington, Dundonnell, Pura Pura",VIC
3272,"Mortlake, Woorndoo",VIC
3273,Hexham,VIC
3274,Caramut,VIC
3275,"Mailer Flat, Mailors Flat",VIC
3276,"Minjah, Woolsthorpe",VIC
3277,"Allansford, Mepunga, Mepunga East, Mepunga West, Naringal, Naringal East",VIC
3278,"Purnim, Purnim West",VIC
3279,"Ballangeich, Wangoom",VIC
3280,"Dennington, Warrnambool",VIC
3281,"Bushfield, Grassmere, Winslow, Woodford",VIC
3282,"Illowa, Koroit",VIC
3283,"Crossley, Killarney, Kirkstall, Southern Cross, Tarrone, Tower Hill, Warrong, Willatook, Yangery, Yarpturk",VIC
3284,"Orford, Port Fairy",VIC
3285,"Codrington, Narrawong, Rosebrook, St Helens, Toolong, Tyrendarra, Tyrendarra East, Yambuk",VIC
3286,"Condah Swamp, Knebsworth, Macarthur, Warrabkook",VIC
3287,"Hawkesdale, Minhamite",VIC
3289,"Gazette, Gerrigerrup, Penshurst, Purdeet, Tabor",VIC
3292,Nelson,VIC
3293,"Glenthompson, Nareeb, Narrapumelap South",VIC
3294,"Dunkeld, Karabeal, Mirranatwa, Moutajup, Victoria Point, Victoria Valley, Woodhouse",VIC
3300,"Byaduk North, Hamilton",VIC
3301,"Bochara, Broadwater, Buckley Swamp, Byaduk, Croxton East, Hensley Park, Morgiana, Mount Napier, Strathkellar, Tahara, Tarrington, Wannon, Warrayure, Yatchaw, Yulecart",VIC
3302,"Branxholme, Grassdale",VIC
3303,"Breakaway Creek, Condah, Hotspur, Lake Condah, Wallacedale",VIC
3304,"Bessiebelle, Dartmoor, Drik Drik, Drumborg, Greenwald, Heywood, Homerton, Lyons, Milltown, Mumbannar, Myamyn, Winnap",VIC
3305,"Allestree, Bolwarra, Cape Bridgewater, Cashmore, Dutton Way, Gorae, Gorae West, Heathmere, Mount Richmond, Portland, Portland North, Portland West",VIC
3309,Digby,VIC
3310,"Merino, Tahara West",VIC
3311,"Casterton, Corndale",VIC
3312,"Bahgallah, Brimboal, Carapook, Chetwynd, Dergholm, Dorodong, Dunrobin, Henty, Killara, Lake Mundi, Lindsay, Nangeela, Poolaijelo, Powers Creek, Sandford, Strathdownie, Wando Bridge, Wando Vale, Warrock",VIC
3314,"Bulart, Cavendish, Glenisla, Grampians, Mooralla",VIC
3315,"Brit Brit, Clover Flat, Coleraine, Coojar, Culla, Gringegalgona, Gritjurk, Hilgay, Konongwootong, Melville Forest, Muntham, Nareen, Paschendale, Tahara Bridge, Tarrayoukyan, Tarrenlea, Wootong Vale",VIC
3317,Harrow,VIC
3318,"Charam, Connewirricoo, Edenhope, Kadnook, Langkoop, Patyah, Ullswater",VIC
3319,"Apsley, Benayeo, Bringalbert",VIC
3321,"Hesse, Inverleigh, Wingeel",VIC
3322,Cressy,VIC
3323,"Berrybank, Duverney, Foxhow",VIC
3324,"Lismore, Mingay, Mount Bute",VIC
3325,"Derrinallum, Larralea, Vite Vite, Vite Vite North",VIC
3328,Teesdale,VIC
3329,"Barunah Park, Barunah Plains, Shelford",VIC
3330,Rokewood,VIC
3331,"Bannockburn, Gheringhap, Maude, Russells Bridge, She Oaks, Steiglitz, Sutherlands Creek",VIC
3332,Lethbridge,VIC
3333,"Bamganie, Meredith",VIC
3334,"Bungal, Cargerie, Elaine, Morrisons, Mount Doran",VIC
3335,"Plumpton, Rockbank",VIC
3336,(Suburb data unavailable),(Unknown)
3337,"Kurunjang, Melton, Melton West, Toolern Vale",VIC
3338,"Brookfield, Exford, Eynesbury, Melton South",VIC
3340,"Bacchus Marsh, Balliang, Balliang East, Coimadai, Darley, Glenmore, Hopetoun Park, Long Forest, Maddingley, Merrimu, Parwan, Rowsley, Staughton Vale",VIC
3341,"Dales Creek, Greendale, Korobeit, Myrniong, Pentland Hills",VIC
3342,"Ballan, Beremboke, Blakeville, Bunding, Colbrook, Durdidwarrah, Fiskville, Ingliston, Mount Wallace",VIC
3345,Gordon,VIC
3350,"Alfredton, Bakery Hill, Ballarat, Ballarat Central, Ballarat East, Ballarat North, Ballarat West, Black Hill, Brown Hill, Canadian, Eureka, Golden Point, Invermay Park, Lake Wendouree, Lucas, Mount Clear, Mount Helen, Mount Pleasant, Nerrina, Newington, Redan, Soldiers Hill, Sovereign Hill",VIC
3351,"Berringa, Bo Peep, Carngham, Chepstowe, Haddon, Hillcrest, Illabarook, Lake Bolac, Mininera, Mount Emu, Nerrin Nerrin, Newtown, Nintingbool, Piggoreet, Pitfield, Rokewood Junction, Ross Creek, Scarsdale, Smythesdale, Snake Valley, Springdallah, Staffordshire Reef, Streatham, Wallinduc, Westmere",VIC
3352,"Bolwarrah, Brewster, Bullarook, Bunkers Hill, Cardigan, Cardigan Village, Chapel Flat, Claretown, Dean, Durham Lead, Ercildoune, Garibaldi, Glen Park, Glenbrae, Gong Gong, Learmonth, Lexton, Magpie, Millbrook, Mollongghip, Mount Bolton, Mount Mercer, Scotchmans Lead, Waubra, Windermere",VIC
3353,Ballarat,VIC
3354,"Bakery Hill, Ballarat Mc",VIC
3355,"Lake Gardens, Mitchell Park, Wendouree, Wendouree Village",VIC
3356,"Delacombe, Sebastopol",VIC
3357,Buninyong,VIC
3358,(Suburb data unavailable),(Unknown)
3360,"Happy Valley, Linton, Mannibadar, Pittong, Willowvale",VIC
3361,"Bradvale, Carranballac, Skipton",VIC
3363,"Creswick, Creswick North, Dean, Glendaruel, Langdons Hill, Mount Beckworth, Tourello",VIC
3364,"Allendale, Ascot, Bald Hills, Barkstead, Blampied, Broomfield, Cabbage Tree, Campbelltown, Coghills Creek, Glendonald, Joyces Creek, Kingston, Kooroocheang, Lawrence, Mount Prospect, Newlyn, Newlyn North, Rocklyn, Smeaton, Smokeytown, Springmount, Strathlea, Ullina, Werona",VIC
3370,"Clunes, Glengower, Mount Cameron, Ullina",VIC
3371,"Amherst, Burnbank, Caralulup, Dunach, Evansford, Lillicur, Mount Glasgow, Red Lion, Stony Creek, Talbot",VIC
3373,"Beaufort, Chute, Cross Roads, Lake Goldsmith, Lake Wongan, Main Lead, Mena Park, Nerring, Raglan, Stockyard Hill, Stoneleigh, Trawalla, Waterloo",VIC
3374,Great Western,VIC
3375,"Ballyrogan, Bayindeen, Buangor, Middle Creek",VIC
3377,"Ararat, Armstrong, Bulgana, Cathcart, Crowlands, Denicull Creek, Dobie, Dunneworthy, Eversley, Great Western, Langi Logan, Maroona, Mount Cole, Mount Cole Creek, Moyston, Norval, Rhymney, Rocky Point, Rossbridge, Shays Flat, Warrak",VIC
3378,"Tatyoon, Yalla-Y-Poora",VIC
3379,"Bornes Hill, Chatsworth, Mafeking, Stavely, Wickliffe, Willaura, Willaura North",VIC
3380,"Stawell, Stawell West",VIC
3381,"Barkly, Bellellen, Bellfield, Black Range, Campbells Bridge, Fyans Creek, Halls Gap, Illawarra, Lake Fyans, Lake Lonsdale, Lubeck, Mokepilly, Mount Dryden, Pomonal",VIC
3384,"Barkly, Concongella, Frenchmans, Joel Joel, Joel South, Landsborough, Landsborough West, Navarre, Tulkara, Wattle Creek",VIC
3385,"Dadswells Bridge, Deep Lead, Glenorchy, Ledcourt, Lubeck, Riachella, Roses Gap, Wal Wal",VIC
3387,"Bolangum, Callawadda, Campbells Bridge, Germania, Greens Creek, Kanya, Marnoo, Marnoo West, Morrl Morrl, Wallaloo, Wallaloo East",VIC
3388,"Banyena, Rupanyup",VIC
3390,"Kewell, Murtoa",VIC
3391,Brim,VIC
3392,"Boolite, Minyip, Sheep Hills",VIC
3393,"Aubrey, Bangerang, Cannum, Crymelon, Kellalac, Lah, Warracknabeal, Wilkur, Willenabrina",VIC
3395,"Beulah, Kenmare, Reedy Dam, Rosebery",VIC
3396,Hopetoun,VIC
3400,Horsham,VIC
3401,"Blackheath, Brimpaen, Cherrypool, Dooen, Drung, Gymbowen, Kalkee, Kanagulk, Karnak, Laharum, Longerenong, Mckenzie Creek, Murra Warra, Nurcoung, Nurrabiel, Quantong, Riverside, Rocklands, Telangatuk East, Toolondo, Vectis, Wail, Wartook, Wonwondah, Zumsteins",VIC
3402,Horsham,VIC
3407,"Balmoral, Englefield, Gatum, Pigeon Ponds, Vasey",VIC
3409,"Arapiles, Clear Lake, Douglas, Duchembegarra, Grass Flat, Jilpanger, Miga Lake, Mitre, Natimuk, Noradjuha, Tooan, Wombelano",VIC
3412,Goroke,VIC
3413,"Minimay, Neuarpurr, Ozenkadnook, Peronne",VIC
3414,"Antwerp, Dimboola, Tarranyurk",VIC
3415,Miram,VIC
3418,"Broughton, Gerang Gerung, Glenlee, Kiata, Lawloit, Little Desert, Lorquon, Netherby, Nhill, Yanac",VIC
3419,Kaniva,VIC
3420,"Lillimur, Serviceton, Telopea Downs",VIC
3423,Jeparit,VIC
3424,"Albacutya, Rainbow, Yaapeet",VIC
3427,Diggers Rest,VIC
3428,Bulla,VIC
3429,"Sunbury, Wildwood",VIC
3430,Clarkefield,VIC
3431,Riddells Creek,VIC
3432,Bolinda,VIC
3433,Monegeetta,VIC
3434,"Cherokee, Kerrie, Romsey, Springfield",VIC
3435,"Benloch, Goldie, Lancefield, Nulla Vale",VIC
3437,"Bullengarook, Gisborne, Gisborne South",VIC
3438,New Gisborne,VIC
3440,Macedon,VIC
3441,Mount Macedon,VIC
3442,"Ashbourne, Cadello, Carlsruhe, Cobaw, Hesket, Newham, Rochford, Woodend, Woodend North",VIC
3444,"Barfold, Baynton, Baynton East, Edgecombe, Glenhope, Greenhill, Kyneton, Kyneton South, Langley, Lauriston, Lyal, Metcalfe East, Mia Mia, Pastoria, Pastoria East, Pipers Creek, Redesdale, Sidonia, Spring Hill, Tylden, Tylden South",VIC
3446,"Drummond North, Malmsbury",VIC
3447,Taradale,VIC
3448,"Elphinstone, Metcalfe, Sutton Grange",VIC
3450,"Castlemaine, Moonlight Flat",VIC
3451,"Barkers Creek, Campbells Creek, Chewton, Chewton Bushlands, Faraday, Fryerstown, Glenluce, Golden Point, Gower, Guildford, Irishtown, Mckenzie Hill, Muckleford, Tarilta, Vaughan, Yapeen",VIC
3453,"Harcourt, Harcourt North, Ravenswood, Ravenswood South",VIC
3458,"Barrys Reef, Blackwood, Fern Hill, Lerderderg, Little Hampton, Newbury, North Blackwood, Trentham, Trentham East",VIC
3460,"Basalt, Daylesford",VIC
3461,"Bullarto, Bullarto South, Coomoora, Denver, Drummond, Dry Diggings, Eganstown, Elevated Plains, Franklinford, Glenlyon, Hepburn, Hepburn Springs, Korweinguboora, Leonards Hill, Lyonville, Mount Franklin, Musk, Musk Vale, Porcupine Ridge, Sailors Falls, Sailors Hill, Shepherds Flat, Spargo Creek, Strangways, Yandoit Hills",VIC
3462,"Green Gully, Muckleford South, Newstead, Sandon, Welshmans Reef",VIC
3463,"Baringhup, Baringhup West, Bradford, Eastville, Laanecoorie, Maldon, Neereman, Nuggetty, Shelbourne, Tarrengower, Walmer, Woodstock West",VIC
3464,Carisbrook,VIC
3465,"Adelaide Lead, Alma, Bowenvale, Bung Bong, Cotswold, Craigie, Daisy Hill, Flagstaff, Golden Point, Havelock, Homebush, Majorca, Maryborough, Moolort, Moonlight Flat, Natte Yallock, Rathscar, Rathscar West, Simson, Timor, Timor West, Wareek",VIC
3467,Avoca,VIC
3468,"Amphitheatre, Mount Lonarch",VIC
3469,"Elmhurst, Glenlofty, Glenlogie, Glenpatrick, Nowhere Creek",VIC
3472,"Bet Bet, Betley, Bromley, Dunluce, Dunolly, Eddington, Goldsborough, Inkerman, Mcintyre, Moliagul, Mount Hooghly",VIC
3475,"Archdale, Archdale Junction, Bealiba, Burkes Flat, Cochranes Creek, Emu, Logan",VIC
3477,"Avon Plains, Beazleys Bridge, Carapooee, Carapooee West, Coonooer Bridge, Coonooer West, Dalyenong, Gowar East, Grays Bridge, Gre Gre, Gre Gre North, Gre Gre South, Kooreh, Paradise, Redbank, Rostron, Slaty Creek, St Arnaud East, St Arnaud North, Stuart Mill, Sutherland, Swanwater, Tottington, Winjallok, York Plains",VIC
3478,"Dooboobetic, Medlyn, Moonambel, Percydale, Redbank, St Arnaud, Stuart Mill, Tanwood, Warrenmang, Yawong Hills",VIC
3480,"Areegra, Carron, Cope Cope, Corack, Corack East, Donald, Gil Gil, Jeffcott, Jeffcott North, Laen, Laen East, Laen North, Lawler, Litchfield, Rich Avon, Rich Avon East, Rich Avon West, Swanwater West",VIC
3482,"Massey, Morton Plains, Warmur, Watchem, Watchem West",VIC
3483,"Ballapur, Birchip, Birchip West, Curyo, Jil Jil, Karyrie, Kinnabulla, Marlbed, Narraport, Whirily",VIC
3485,"Banyan, Watchupga, Willangie, Woomelang",VIC
3487,Lascelles,VIC
3488,"Speed, Turriff, Turriff East",VIC
3489,Tempy,VIC
3490,"Big Desert, Boinka, Kulwin, Mittyack, Murray-Sunset, Ouyen, Torrita, Tutye",VIC
3491,Patchewollock,VIC
3494,"Carwarp, Colignan, Iraak, Nangiloc",VIC
3496,"Cardross, Cullulleraine, Lindsay Point, Meringur, Merrinee, Neds Corner, Red Cliffs, Sunnycliffs, Werrimull",VIC
3498,Irymple,VIC
3500,"Mildura, Mildura West, Paringi",VIC
3501,"Hattah, Koorlong, Mildura Centre Plaza, Mildura South, Nichols Point",VIC
3502,Mildura,VIC
3505,"Birdwoodton, Cabarita, Merbein, Merbein South, Merbein West, Wargan, Yelta",VIC
3506,Cowangie,VIC
3507,Walpeup,VIC
3509,"Linga, Underbool",VIC
3512,"Carina, Murrayville, Panitya",VIC
3515,"Marong, Shelbourne, Wilsons Hill",VIC
3516,"Bridgewater, Bridgewater North, Bridgewater On Loddon, Derby, Leichardt, Yarraberb",VIC
3517,"Bears Lagoon, Brenanah, Glenalbyn, Inglewood, Jarklin, Kingower, Kurting, Powlett Plains, Rheola, Salisbury West, Serpentine",VIC
3518,"Berrimal, Borung, Fentons Creek, Fernihurst, Fiery Flat, Kurraca, Kurraca West, Mysia, Nine Mile, Richmond Plains, Skinners Flat, Wedderburn, Wedderburn Junction, Wehla, Woolshed Flat, Woosang",VIC
3520,"Kinypanial, Korong Vale",VIC
3521,Pyalong,VIC
3522,"Glenhope East, Tooborac",VIC
3523,"Argyle, Costerfield, Derrinal, Heathcote, Heathcote South, Knowsley, Ladys Pass, Moormbool West, Mount Camel, Redcastle",VIC
3525,"Barrakee, Buckrabanyule, Charlton, Chirrip, Granite Flat, Lake Marmal, Nareewillock, Terrappee, Wooroonook, Wychitella, Wychitella North, Yeungroon, Yeungroon East",VIC
3527,"Bunguluke, Dumosa, Glenloth, Glenloth East, Jeruk, Ninyeunook, Teddywaddy, Teddywaddy West, Thalia, Towaninny, Towaninny South, Wycheproof, Wycheproof South",VIC
3529,"Kalpienung, Nullawil",VIC
3530,"Culgoa, Sutton, Wangie, Warne",VIC
3531,"Berriwillock, Boigbeat",VIC
3533,"Bimbourie, Lake Tyrrell, Myall, Nandaly, Ninda, Nyarrin, Pier Milan, Sea Lake, Straten, Tyenna, Tyrrell, Tyrrell Downs",VIC
3537,"Barraport, Barraport West, Boort, Canary Island, Catumnal, Gredgwin, Leaghur, Minmindie, Yando",VIC
3540,"Cannie, Oakvale, Quambatook",VIC
3542,"Cokum, Lalbert, Tittybong",VIC
3544,"Chinangin, Gowanford, Murnungin, Springfield, Ultima, Ultima East, Waitchie",VIC
3546,"Bolton, Chinkapook, Cocamba, Gerahmin, Manangatang, Turoar, Winnambool",VIC
3549,"Annuello, Bannerton, Happy Valley, Liparoo, Robinvale, Robinvale Irrigation District Section B, Robinvale Irrigation District Section C, Robinvale Irrigation District Section D, Robinvale Irrigation District Section E, Tol Tol, Wandown, Wemen",VIC
3550,"Bendigo, Bendigo South, East Bendigo, Flora Hill, Ironbark, Kennington, Long Gully, North Bendigo, Quarry Hill, Sandhurst East, Spring Gully, Strathdale, Tysons Reef, West Bendigo, White Hills",VIC
3551,"Arnold, Ascot, Axedale, Bagshot, Cornella, Emu Creek, Eppalock, Epsom, Huntly, Junortoun, Llanelly, Lockwood, Lockwood South, Longlea, Maiden Gully, Mandurang, Mandurang South, Murphys Creek, Myola, Sedgwick, Strathfieldsaye, Tarnagulla, Toolleen, Waanyarra, Woodstock On Loddon",VIC
3552,Bendigo,VIC
3555,"Big Hill, Golden Gully, Golden Square, Kangaroo Flat, Lansell Plaza",VIC
3556,"California Gully, Campbells Forest, Comet Hill, Eaglehawk, Eaglehawk North, Jackass Flat, Myers Flat, Sailors Gully, Sebastian, Whipstick, Woodvale",VIC
3557,"Barnadown, Fosterville, Goornong, Muskerry",VIC
3558,"Burnewang, Corop West, Elmore, Hunter, Runnymede",VIC
3559,"Avonmore, Burramboot, Colbinabbin, Corop, Gobarup",VIC
3561,"Ballendella, Bamawm, Bonn, Diggora, Fairy Dell, Nanneella, Rochester, Timmering",VIC
3562,Torrumbarry,VIC
3563,Lockington,VIC
3564,"Bamawm Extension, Echuca, Echuca South, Echuca Village, Echuca West, Kanyapella, Patho, Roslynmead, Simmie, Wharparilla",VIC
3565,Kotta,VIC
3566,Gunbower,VIC
3567,"Horfield, Leitchville",VIC
3568,"Burkes Bridge, Cohuna, Cullen, Daltons Bridge, Gannawarra, Keely, Macorna North, Mcmillans, Mead, Mincha West, Wee Wee Rup",VIC
3570,"Auchmore, Drummartin, Kamarooka, Neilborough, Raywood",VIC
3571,"Dingee, Kamarooka North, Pompapiel, Tandarra",VIC
3572,"Milloo, Piavella, Prairie, Tennyson",VIC
3573,"Calivil, Mitiamo, Pine Grove, Terrick Terrick East",VIC
3575,"Gladfield, Jungaburra, Loddon Vale, Mincha, Mologa, Pyramid Hill, Sylvaterre, Terrick Terrick, Yarrawalla",VIC
3576,Durham Ox,VIC
3579,"Appin, Bael Bael, Beauchamp, Benjeroop, Budgerum East, Capels Crossing, Dingwall, Fairley, Gonn Crossing, Kerang, Kerang East, Lake Meran, Macorna, Meering West, Milnes Bridge, Murrabit, Murrabit West, Myall, Normanville, Pine View, Reedy Lake, Sandhill Lake, Teal Point, Wandella, Westby",VIC
3580,Koondrook,VIC
3581,Lake Charm,VIC
3583,Tresco,VIC
3584,"Lake Boga, Tresco West",VIC
3585,"Castle Donnington, Chillingollah, Fish Point, Goschen, Kunat, Meatian, Nowie, Nyrraby, Pira, Polisbet, Speewa, Swan Hill, Swan Hill West, Winlaton",VIC
3586,"Bulga, Murrawee, Murraydale, Pental Island, Tyntynder, Tyntynder South",VIC
3588,Woorinen South,VIC
3589,"Woorinen, Woorinen North",VIC
3590,Beverford,VIC
3591,Vinifera,VIC
3594,Nyah,VIC
3595,Nyah West,VIC
3596,"Miralie, Towan, Wood Wood",VIC
3597,"Kenley, Kooloonong, Lake Powell, Narrung, Natya, Piangil",VIC
3599,Boundary Bend,VIC
3607,Tabilk,VIC
3608,"Bailieston, Goulburn Weir, Graytown, Kirwans Bridge, Mitchellstown, Nagambie, Wahring, Wirrate",VIC
3610,"Dhurringile, Moorilim, Murchison, Murchison East, Murchison North",VIC
3612,"Moora, Rushworth, Wanalta, Waranga Shores, Whroo",VIC
3614,"Toolamba, Toolamba West",VIC
3616,"Cooma, Gillieston, Girgarre East, Harston, Mooroopna North West, Tatura, Tatura East, Waranga",VIC
3617,Byrneside,VIC
3618,Merrigum,VIC
3619,Kyabram,VIC
3620,"Kyabram, Kyabram South, Lancaster, St Germains, Wyuna, Wyuna East",VIC
3621,"Koyuga South, Kyvalley, Tongala, Yambuna",VIC
3622,"Koyuga, Strathallan",VIC
3623,"Carag Carag, Stanhope, Stanhope South",VIC
3624,Girgarre,VIC
3629,"Ardmona, Coomboona, Mooroopna, Mooroopna North, Undera",VIC
3630,"Benarch, Branditt, Caniambo, Colliver, Dunkirk, Shepparton, Shepparton South",VIC
3631,"Arcadia, Arcadia South, Cosgrove, Cosgrove South, Grahamvale, Karramomus, Kialla, Kialla East, Kialla West, Lemnos, Orrvale, Pine Lodge, Shepparton East, Shepparton North, Tamleugh West",VIC
3632,Shepparton,VIC
3633,Congupna,VIC
3634,"Bunbartha, Invergordon South, Katandra, Katandra West, Marionvale, Marungi, Tallygaroopna, Zeerust",VIC
3635,"Kaarimba, Mundoona, Wunghnu",VIC
3636,"Drumanure, Invergordon, Naring, Numurkah",VIC
3637,"Waaia, Yalca",VIC
3638,"Kotupna, Nathalia, Yielima",VIC
3639,"Barmah, Lower Moira, Picola, Picola West",VIC
3640,Katunga,VIC
3641,"Bearii, Mywee, Strathmerton, Ulupna",VIC
3643,Cobram,VIC
3644,"Barooga, Cobram, Cobram East, Koonoomoo, Lalalty, Muckatah, Yarroweyah",VIC
3646,"Dookie, Mount Major, Nalinga, Waggarandall, Yabba North, Yabba South, Youanmite",VIC
3647,Dookie College,VIC
3649,"Katamatite, Katamatite East",VIC
3658,"Broadford, Clonbinane, Hazeldene, Reedy Creek, Strath Creek, Sugarloaf Creek, Sunday Creek, Tyaak, Waterford Park",VIC
3659,Tallarook,VIC
3660,"Caveat, Dropmore, Highlands, Hilldene, Kerrisdale, Northwood, Seymour, Seymour South, Trawool, Whiteheads Creek",VIC
3661,Seymour,VIC
3662,"Puckapunyal, Puckapunyal Milpo",VIC
3663,Mangalore,VIC
3664,"Avenel, Upton Hill",VIC
3665,"Locksley, Longwood",VIC
3666,"Balmattum, Creighton, Creightons Creek, Euroa, Gooram, Kelvin View, Kithbrook, Longwood East, Miepoll, Moglonemby, Molka, Pranjip, Riggs Creek, Ruffy, Sheans Creek, Strathbogie, Tarcombe",VIC
3669,"Boho, Boho South, Creek Junction, Earlston, Gowangardie, Koonda, Marraweeney, Tamleugh, Tamleugh North, Upotipotpon, Violet Town",VIC
3670,"Baddaginnie, Tarnook, Warrenbayne",VIC
3671,Benalla,VIC
3672,Benalla,VIC
3673,"Benalla, Broken Creek, Goomalibee, Lima, Lima East, Lima South, Lurg, Molyullah, Moorngag, Samaria, Swanpool, Tatong, Upper Lurg, Upper Ryans Creek, Winton, Winton North",VIC
3675,"Boweya, Boweya North, Glenrowan, Glenrowan West, Greta, Greta South, Greta West, Hansonville, Mount Bruno, Taminick",VIC
3676,Wangaratta,VIC
3677,"Appin Park, Wangaratta, Yarrunga",VIC
3678,"Boorhaman East, Carboor, Cheshunt, Cheshunt South, East Wangaratta, Edi, Edi Upper, Everton, Killawarra, King Valley, Laceby, Londrigan, Markwood, Meadow Creek, Milawa, North Wangaratta, Oxley, Oxley Flats, Peechelba, Peechelba East, Rose River, Wabonga, Waldara, Wangaratta Forward, Wangaratta South",VIC
3682,"Boralma, Lilliput, Norong, Springhurst",VIC
3683,"Chiltern, Chiltern Valley, Cornishtown",VIC
3685,"Boorhaman North, Brimin, Browns Plains, Carlyle, Gooramadda, Great Southern, Prentice North, Rutherglen",VIC
3687,Wahgunyah,VIC
3688,"Barnawartha, Indigo Valley",VIC
3689,Wodonga,VIC
3690,"West Wodonga, Wodonga, Wodonga Plaza",VIC
3691,"Allans Flat, Bandiana, Baranduda, Barnawartha North, Bellbridge, Berringama, Bethanga, Bonegilla, Bungil, Ebden, Gateway Island, Glen Creek, Gundowring, Hume Weir, Huon Creek, Kancoona, Kiewa, Killara, Lone Pine, Mount Alfred, Osbornes Flat, Staghorn Flat, Tangambalanga, Thologolong, Wodonga Forward",VIC
3694,Bandiana Milpo,VIC
3695,"Charleroi, Huon, Red Bluff, Sandy Creek",VIC
3697,Tawonga,VIC
3698,Tawonga South,VIC
3699,"Bogong, Falls Creek, Mount Beauty, Nelse",VIC
3700,"Bullioh, Georges Creek, Jarvis Creek, Tallangatta, Tallangatta East",VIC
3701,"Dartmouth, Eskdale, Granya, Mitta Mitta, Old Tallangatta, Shelley, Tallandoon, Tallangatta South, Tallangatta Valley",VIC
3704,Koetong,VIC
3705,"Cudgewa, Nariel Valley",VIC
3707,"Biggara, Bringenbrong, Colac Colac, Corryong, Nariel Valley, Thowgla Valley, Tom Groggin, Towong, Towong Upper",VIC
3708,Tintaldra,VIC
3709,"Burrowye, Guys Forest, Mount Alfred, Pine Mountain, Walwa",VIC
3711,Buxton,VIC
3712,"Rubicon, Thornton",VIC
3713,"Eildon, Lake Eildon, Taylor Bay",VIC
3714,"Acheron, Alexandra, Cathkin, Crystal Creek, Devils River, Fawcett, Koriella, Maintongoon, Taggerty, Whanregarwen",VIC
3715,"Ancona, Merton, Woodfield",VIC
3717,"Flowerdale, Ghin Ghin, Glenburn, Homewood, Killingworth, Limestone, Murrindindi, Yea",VIC
3718,Molesworth,VIC
3719,"Gobur, Kanumbra, Terip Terip, Yarck",VIC
3720,Bonnie Doon,VIC
3722,"Barwite, Mansfield, Mirimbah",VIC
3723,"Archerton, Barjarg, Boorolite, Bridge Creek, Delatite, Enochs Point, Gaffneys Creek, Goughs Bay, Howes Creek, Howqua, Howqua Hills, Howqua Inlet, Jamieson, Kevington, Knockwood, Macs Cove, Maindample, Matlock, Merrijig, Mount Buller, Mountain Bay, Piries, Sawmill Settlement, Tolmie, Woods Point",VIC
3724,Mansfield,VIC
3725,"Boxwood, Chesney Vale, Goorambat, Major Plains, Stewarton",VIC
3726,"Bungeet, Bungeet West, Devenish, Thoona",VIC
3727,"Almonds, Lake Rowan, Pelluebla, St James, Yundool",VIC
3728,"Boomahnoomoonah, Tungamah, Wilby, Youarang",VIC
3730,"Bathumi, Boosey, Bundalong, Bundalong South, Burramine, Burramine South, Esmond, Telford, Yarrawonga, Yarrawonga South",VIC
3732,"Moyhu, Myrrhee",VIC
3733,Whitfield,VIC
3735,"Bowmans Forest, Whorouly, Whorouly East, Whorouly South",VIC
3736,Myrtleford,VIC
3737,"Abbeyard, Barwidgee, Buffalo River, Dandongadale, Gapsted, Havilah, Merriang, Merriang South, Mudgegonga, Myrtleford, Nug Nug, Rosewhite, Selwyn, Wonnangatta",VIC
3738,Ovens,VIC
3739,Eurobin,VIC
3740,"Buckland, Mount Buffalo, Porepunkah",VIC
3741,"Bright, Freeburgh, Germantown, Harrietville, Hotham Heights, Mount Hotham, Smoko",VIC
3744,Wandiligong,VIC
3746,Eldorado,VIC
3747,"Baarmutha, Beechworth, Murmungee, Stanley, Wooragee",VIC
3749,"Bruarong, Yackandandah",VIC
3750,Wollert,VIC
3751,Woodstock,VIC
3752,South Morang,VIC
3753,Beveridge,VIC
3754,"Doreen, Mernda",VIC
3755,Yan Yean,VIC
3756,"Chintin, Darraweit Guim, Hidden Valley, Upper Plenty, Wallan",VIC
3757,"Eden Park, Humevale, Kinglake Central, Kinglake West, Pheasant Creek, Whittlesea",VIC
3758,"Heathcote Junction, Wandong",VIC
3759,Panton Hill,VIC
3760,Smiths Gully,VIC
3761,St Andrews,VIC
3762,Bylands,VIC
3763,Kinglake,VIC
3764,"Forbes, Glenaroua, High Camp, Kilmore, Kilmore East, Moranding, Tantaraboo, Willowmavin",VIC
3765,Montrose,VIC
3766,Kalorama,VIC
3767,Mount Dandenong,VIC
3770,"Coldstream, Gruyere, Yering",VIC
3775,"Christmas Hills, Dixons Creek, Steels Creek, Tarrawarra, Yarra Glen",VIC
3777,"Badger Creek, Castella, Chum Creek, Healesville, Healesville Main Street, Mount Toolebewong, Toolangi",VIC
3778,"Fernshaw, Narbethong",VIC
3779,"Cambarville, Marysville",VIC
3781,"Cockatoo, Mount Burnett, Nangana",VIC
3782,"Avonsleigh, Clematis, Emerald, Macclesfield",VIC
3783,Gembrook,VIC
3785,Tremont,VIC
3786,Ferny Creek,VIC
3787,"Sassafras, Sassafras Gully",VIC
3788,Olinda,VIC
3789,Sherbrooke,VIC
3791,Kallista,VIC
3792,The Patch,VIC
3793,Monbulk,VIC
3795,Silvan,VIC
3796,Mount Evelyn,VIC
3797,"Gilderoy, Gladysdale, Powelltown, Three Bridges, Yarra Junction",VIC
3799,"Big Pats Creek, East Warburton, Mcmahons Creek, Millgrove, Reefton, Warburton, Wesburn",VIC
3800,Monash University,VIC
3802,Endeavour Hills,VIC
3803,Hallam,VIC
3804,"Narre Warren East, Narre Warren North",VIC
3805,"Fountain Gate, Narre Warren, Narre Warren South",VIC
3806,"Berwick, Harkaway",VIC
3807,"Beaconsfield, Guys Hill",VIC
3808,"Beaconsfield Upper, Dewhurst",VIC
3809,"Officer, Officer South",VIC
3810,"Pakenham, Pakenham South, Pakenham Upper, Rythdale",VIC
3812,"Maryknoll, Nar Nar Goon, Nar Nar Goon North",VIC
3813,"Tynong, Tynong North",VIC
3814,"Cora Lynn, Garfield, Garfield North, Vervale",VIC
3815,"Bunyip, Bunyip North, Iona, Tonimbuk",VIC
3816,"Labertouche, Longwarry, Longwarry North, Modella",VIC
3818,"Athlone, Drouin, Drouin East, Drouin South, Drouin West, Hallora, Jindivick, Ripplebrook",VIC
3820,"Bona Vista, Lillico, Warragul",VIC
3821,"Brandy Creek, Bravington, Buln Buln, Buln Buln East, Crossover, Ellinbank, Ferndale, Lardner, Neerim Junction, Neerim North, Nilma, Nilma North, Rokeby, Seaview, Shady Creek, Tetoora Road, Torwood, Warragul South, Warragul West",VIC
3822,"Cloverlea, Darnum, Gainsborough",VIC
3823,"Allambee, Yarragon, Yarragon South",VIC
3824,"Childers, Narracan, Thorpdale South, Trafalgar, Trafalgar East, Trafalgar South",VIC
3825,"Aberfeldy, Amor, Boola, Caringal, Coopers Creek, Erica, Fumina, Fumina South, Hernes Oak, Hill End, Jacob Creek, Jericho, Moe, Moondarra, Newborough, Rawson, Tanjil, Thalloo, Thomson, Toombon, Walhalla, Westbury, Willow Grove, Yallourn, Yallourn North",VIC
3831,"Neerim, Neerim East, Neerim South",VIC
3832,"Nayook, Neerim Junction, Neerim North",VIC
3833,"Ada, Baw Baw, Baw Baw Village, Gentle Annie, Icy Creek, Loch Valley, Noojee, Piedmont, Tanjil Bren, Toorongo, Vesper",VIC
3835,Thorpdale,VIC
3840,"Driffield, Hazelwood, Hazelwood North, Hazelwood South, Jeeralang, Jeeralang Junction, Maryvale, Mid Valley, Morwell",VIC
3842,Churchill,VIC
3844,"Blackwarry, Callignee, Callignee North, Callignee South, Carrajung, Carrajung Lower, Carrajung South, Flynn, Flynns Creek, Koornalla, Loy Yang, Mount Tassie, Traralgon, Traralgon East, Traralgon South, Tyers, Willung South",VIC
3847,"Hiamdale, Nambrok, Rosedale, Willung, Willung South",VIC
3850,"Guthridge, Sale, Wurruk",VIC
3851,"Airly, Bundalaguah, Clydebank, Cobains, Darriman, Dutson, Dutson Downs, Flamingo Beach, Fulham, Giffard West, Golden Beach, Kilmany, Lake Wellington, Loch Sport, Longford, Montgomery, Myrtlebank, Paradise Beach, Pearsondale, Seacombe, Seaspray, Somerton Park, Stradbroke, The Heart, The Honeysuckles",VIC
3852,"East Sale, East Sale Raaf, Sale East Raaf",VIC
3853,Sale,VIC
3854,"Glengarry, Glengarry North, Glengarry West",VIC
3856,Toongabbie,VIC
3857,Cowwarr,VIC
3858,"Arbuckle, Billabong, Buragwonduc, Crookayan, Dawson, Denison, Gillum, Glenfalloch, Glenmaggie, Heyfield, Howitt Plains, Licola, Licola North, Reynard, Sargood, Seaton, Tamboritha, Winnindoo, Worrowing, Yangoura",VIC
3859,"Maffra West Upper, Newry, Tinamba, Tinamba West",VIC
3860,"Boisdale, Briagolong, Bushy Park, Coongulla, Koorool, Maffra, Monomak, Moroka, Nap Nap Marra, Riverslea, Toolome, Valencia Creek, Woolenook, Wrathung, Wrixon",VIC
3862,"Budgee Budgee, Cobbannah, Cowa, Crooked River, Dargo, Hawkhurst, Hollands Landing, Llowalong, Meerlieu, Miowera, Moornapa, Munro, Perry Bridge, Stockdale, Stratford, Waterford, Wongungarra",VIC
3864,"Fernbank, Glenaladale",VIC
3865,Lindenow,VIC
3869,"Jumbuk, Yinnar, Yinnar South",VIC
3870,"Boolarra, Boolarra South, Budgeree, Grand Ridge, Johnstones Hill",VIC
3871,"Allambee Reserve, Allambee South, Baromi, Darlimurla, Delburn, Dollar, Mirboo, Mirboo North",VIC
3873,Gormandale,VIC
3874,"Carrajung South, Mcloughlins Beach, Woodside, Woodside Beach, Woodside North",VIC
3875,"Banksia Peninsula, Broadlands, Bullumwaal, Clifton Creek, Deptford, Eastwood, Ellaswood, Fairy Dell, Flaggy Creek, Goon Nure, Granite Rock, Hillside, Iguana Creek, Marthavale, Melwood, Merrijig, Newlands Arm, Ryans, Sarsfield, Tabberabbera, Waterholes, Wentworth, Woodglen, Wuk Wuk, Wy Yung",VIC
3878,Eagle Point,VIC
3880,"Boole Poole, Ocean Grange, Paynesville, Raymond Island",VIC
3882,Nicholson,VIC
3885,"Brumby, Bruthen, Buchan, Buchan South, Butchers Ridge, Gelantipy, Mossiface, Murrindal, Suggan Buggan, Tambo Upper, Timbarra, W Tree, Wiseleigh, Wulgulmerang, Wulgulmerang East, Wulgulmerang West, Yalmy",VIC
3886,Newmerella,VIC
3887,"Lake Tyers, Nowa Nowa, Wairewa",VIC
3888,"Bendoc, Bete Bolong, Bete Bolong North, Bonang, Brodribb River, Cape Conran, Corringle, Deddick Valley, Delegate River, Goongerah, Haydens Bog, Jarrahmond, Marlo, Nurran, Orbost, Simpsons Creek, Tostaree, Tubbut, Waygara, Wombat Creek",VIC
3889,"Bellbird Creek, Bemm River, Cabbage Tree Creek, Club Terrace, Combienbar, Errinundra, Manorina",VIC
3890,"Buldah, Cann River, Chandlers Creek, Noorinbee, Noorinbee North, Tamboon, Tonghi Creek",VIC
3891,"Genoa, Gipsy Point, Maramingo Creek, Wallagaraugh, Wangarabell, Wingan River, Wroxham",VIC
3892,Mallacoota,VIC
3893,"Double Bridges, Stirling, Tambo Crossing",VIC
3895,"Doctors Flat, Ensay, Ensay North, Reedy Flat",VIC
3896,"Bindi, Brookville, Nunniong, Swifts Creek, Tongio",VIC
3898,"Anglers Rest, Bingo Munjie, Bundara, Cassilis, Cobungra, Dinner Plain, Glen Valley, Glen Wills, Hinnomunjie, Omeo, Omeo Valley, Shannonvale",VIC
3900,"Benambra, Cobberas",VIC
3902,"Bumberrah, Johnsonville",VIC
3903,Swan Reach,VIC
3904,Metung,VIC
3909,"Kalimna, Kalimna West, Lake Bunga, Lake Tyers Beach, Lakes Entrance, Nungurner, Nyerimilang, Toorloo Arm",VIC
3910,Langwarrin,VIC
3911,"Baxter, Langwarrin South",VIC
3912,"Pearcedale, Somerville",VIC
3913,Tyabb,VIC
3915,"Hastings, Tuerong",VIC
3916,"Merricks, Point Leo, Shoreham",VIC
3918,Bittern,VIC
3919,Crib Point,VIC
3920,Hmas Cerberus,VIC
3921,"Elizabeth Island, French Island, Tankerton",VIC
3922,"Cowes, Silverleaves, Smiths Beach, Summerlands, Sunderland Bay, Sunset Strip, Surf Beach, Ventnor, Wimbledon Heights",VIC
3923,Rhyll,VIC
3925,"Cape Woolamai, Churchill Island, Newhaven, San Remo",VIC
3926,"Balnarring, Balnarring Beach, Merricks Beach, Merricks North",VIC
3927,Somers,VIC
3928,Main Ridge,VIC
3929,Flinders,VIC
3930,"Kunyung, Mount Eliza",VIC
3931,Mornington,VIC
3933,Moorooduc,VIC
3934,Mount Martha,VIC
3936,"Arthurs Seat, Dromana, Safety Beach",VIC
3937,"Red Hill, Red Hill South",VIC
3938,Mccrae,VIC
3939,"Boneo, Cape Schanck, Fingal, Rosebud, Rosebud Plaza",VIC
3940,Rosebud West,VIC
3941,"Rye, St Andrews Beach, Tootgarook",VIC
3942,Blairgowrie,VIC
3943,Sorrento,VIC
3944,Portsea,VIC
3945,"Jeetho, Krowera, Loch, Woodleigh",VIC
3946,Bena,VIC
3950,"Kardella South, Korumburra, Korumburra South, Strzelecki, Whitelaw",VIC
3951,"Arawata, Fairbank, Jumbunna, Kardella, Kongwak, Moyarra, Outtrim, Ranceby",VIC
3953,"Berrys Creek, Boorool, Hallston, Koorooman, Leongatha, Leongatha North, Leongatha South, Mardan, Mount Eccles, Mount Eccles South, Nerrena, Ruby, Trida, Wild Dog Valley, Wooreen",VIC
3954,Koonwarra,VIC
3956,"Dumbalk, Dumbalk North, Meeniyan, Middle Tarwin, Tarwin, Tarwin Lower, Venus Bay, Walkerville, Walkerville North, Walkerville South",VIC
3957,Stony Creek,VIC
3958,Buffalo,VIC
3959,"Fish Creek, Sandy Point, Waratah Bay",VIC
3960,"Bennison, Boolarong, Foster, Foster North, Gunyah, Mount Best, Shallow Inlet, Tidal River, Turtons Creek, Wilsons Promontory, Wonga, Woorarra West, Yanakie",VIC
3962,"Agnes, Toora, Toora North, Wonyip, Woorarra East",VIC
3964,Port Franklin,VIC
3965,Port Welshpool,VIC
3966,"Binginwarri, Hazel Park, Welshpool",VIC
3967,Hedley,VIC
3971,"Alberton, Alberton West, Balook, Calrossie, Devon North, Gelliondale, Hiawatha, Hunterston, Jack River, Langsborough, Macks Creek, Madalya, Manns Beach, Port Albert, Robertsons Beach, Snake Island, Staceys Bridge, Tarra Valley, Tarraville, Won Wron, Yarram",VIC
3975,"Lynbrook, Lyndhurst",VIC
3976,Hampton Park,VIC
3977,"Botanic Ridge, Cannons Creek, Cranbourne, Cranbourne East, Cranbourne North, Cranbourne South, Cranbourne West, Devon Meadows, Five Ways, Junction Village, Sandhurst, Skye",VIC
3978,"Cardinia, Clyde, Clyde North",VIC
3979,"Almurta, Glen Alvie, Kernot",VIC
3980,"Blind Bight, Tooradin, Warneet",VIC
3981,"Bayles, Catani, Dalmore, Heath Hill, Koo Wee Rup, Koo Wee Rup North, Yannathan",VIC
3984,"Adams Estate, Caldermeade, Corinella, Coronet Bay, Grantville, Jam Jerrup, Lang Lang, Lang Lang East, Monomeith, Pioneer Bay, Queensferry, Tenby Point, The Gurdies",VIC
3987,Nyora,VIC
3988,"Mountain View, Poowong, Poowong East, Poowong North",VIC
3990,Glen Forbes,VIC
3991,Bass,VIC
3992,"Blackwood Forest, Dalyston, Ryanston, West Creek",VIC
3995,"Anderson, Archies Creek, Cape Paterson, Harmers Haven, Kilcunda, Lance Creek, North Wonthaggi, South Dudley, St Clair, Wattle Bank, Wonthaggi, Woolamai",VIC
3996,"Inverloch, Pound Creek",VIC
4000,"Brisbane, Brisbane Adelaide Street, Brisbane City, Brisbane GPO, Petrie Terrace, Spring Hill",QLD
4001,"Brisbane, Central Plaza, Riverside Centre, Waterfront Place",QLD
4004,Spring Hill,QLD
4005,"New Farm, Teneriffe",QLD
4006,"Bowen Hills, Fortitude Valley, Fortitude Valley BC, Herston, Newstead",QLD
4007,"Ascot, Hamilton, Hamilton Central",QLD
4008,"Brisbane Airport, Pinkenba",QLD
4009,"Eagle Farm, Eagle Farm BC",QLD
4010,"Albion, Albion BC, Albion DC",QLD
4011,"Clayfield, Hendra",QLD
4012,"Nundah, Toombul, Wavell Heights, Wavell Heights North",QLD
4013,Northgate,QLD
4014,"Banyo, Nudgee, Nudgee Beach, Virginia, Virginia BC, Virginia DC",QLD
4017,"Bracken Ridge, Brighton, Brighton Eventide, Brighton Nathan Street, Deagon, Sandgate, Sandgate DC, Shorncliffe",QLD
4018,"Fitzgibbon, Taigum",QLD
4019,"Clontarf, Clontarf Beach, Clontarf DC, Margate, Margate Beach, Woody Point",QLD
4020,"Newport, Redcliffe, Redcliffe North, Scarborough",QLD
4021,Kippa-Ring,QLD
4022,Rothwell,QLD
4025,"Bulwer, Cape Moreton, Cowan Cowan, Kooringal, Tangalooma",QLD
4030,"Lutwyche, Windsor, Wooloowin",QLD
4031,"Gordon Park, Kedron",QLD
4032,"Chermside, Chermside Centre, Chermside South, Chermside West",QLD
4034,"Aspley, Boondall, Carseldine, Geebung, Zillmere",QLD
4035,"Albany Creek, Bridgeman Downs",QLD
4036,Bald Hills,QLD
4037,Eatons Hill,QLD
4051,"Alderley, Enoggera, Gaythorne, Grange, Newmarket, Wilston",QLD
4053,"Brookside Centre, Everton Hills, Everton Park, Mcdowall, Mitchelton, Stafford, Stafford DC, Stafford Heights",QLD
4054,"Arana Hills, Keperra",QLD
4055,"Bunya, Ferny Grove, Ferny Hills, Ferny Hills DC, Upper Kedron",QLD
4059,"Kelvin Grove, Kelvin Grove Bc, Kelvin Grove Dc, Red Hill",QLD
4060,"Ashgrove, Ashgrove East, Dorrington",QLD
4061,The Gap,QLD
4064,"Milton, Milton BC, Paddington",QLD
4065,Bardon,QLD
4066,"Auchenflower, Mount Coot-Tha, Toowong, Toowong BC, Toowong DC",QLD
4067,"St Lucia, St Lucia South",QLD
4068,"Chelmer, Indooroopilly, Indooroopilly Centre, Taringa",QLD
4069,"Brookfield, Chapel Hill, Fig Tree Pocket, Kenmore, Kenmore DC, Kenmore East, Kenmore Hills, Pinjarra Hills, Pullenvale, Upper Brookfield",QLD
4070,"Anstead, Bellbowrie, Moggill",QLD
4072,University Of Queensland,QLD
4073,"Seventeen Mile Rocks, Sinnamon Park",QLD
4074,"Jamboree Heights, Jindalee, Middle Park, Mount Ommaney, Riverhills, Sumner, Sumner Park Bc, Westlake",QLD
4075,"Corinda, Graceville, Graceville East, Oxley, Sherwood",QLD
4076,"Darra, Wacol",QLD
4077,"Doolandella, Durack, Inala, Inala East, Inala Heights, Richlands",QLD
4078,"Ellen Grove, Forest Lake",QLD
4101,"Highgate Hill, South Brisbane, South Brisbane BC, West End",QLD
4102,"Buranda, Dutton Park, Woolloongabba",QLD
4103,"Annerley, Fairfield, Fairfield Gardens",QLD
4104,Yeronga,QLD
4105,"Moorooka, Tennyson, Yeerongpilly",QLD
4106,"Brisbane Market, Rocklea, Rocklea Dc",QLD
4107,"Salisbury, Salisbury East",QLD
4108,"Archerfield, Archerfield BC, Coopers Plains",QLD
4109,"Macgregor, Robertson, Sunnybank, Sunnybank Hills, Sunnybank South",QLD
4110,"Acacia Ridge, Acacia Ridge Dc, Heathwood, Heathwood Df, Larapinta, Pallara, Willawong",QLD
4111,Nathan,QLD
4112,Kuraby,QLD
4113,"Eight Mile Plains, Runcorn",QLD
4114,"Kingston, Logan Central, Logan City Dc, Woodridge",QLD
4115,"Algester, Parkinson",QLD
4116,"Calamvale, Drewvale, Stretton",QLD
4117,"Berrinba, Karawatha",QLD
4118,"Browns Plains, Forestdale, Heritage Park, Hillcrest, Regents Park",QLD
4119,Underwood,QLD
4120,"Greenslopes, Stones Corner",QLD
4121,"Holland Park, Holland Park East, Holland Park West, Tarragindi, Wellers Hill",QLD
4122,"Mansfield, Mansfield BC, Mansfield DC, Mount Gravatt, Mount Gravatt East, Upper Mount Gravatt, Upper Mount Gravatt BC, Wishart",QLD
4123,"Rochedale, Rochedale South",QLD
4124,"Boronia Heights, Greenbank, Lyons, New Beith, Spring Mountain",QLD
4125,"Munruben, Park Ridge, Park Ridge South",QLD
4127,"Daisy Hill, Priestdale, Slacks Creek, Springwood",QLD
4128,"Shailer Park, Tanah Merah",QLD
4129,"Loganholme, Loganholme BC, Loganholme DC",QLD
4130,"Carbrook, Cornubia",QLD
4131,"Loganlea, Meadowbrook",QLD
4132,"Crestmead, Marsden",QLD
4133,"Chambers Flat, Logan Reserve, Waterford, Waterford West",QLD
4151,"Coorparoo, Coorparoo DC",QLD
4152,"Camp Hill, Carina, Carina Heights, Carindale",QLD
4153,Belmont,QLD
4154,"Gumdale, Ransome, Wakerley",QLD
4155,Chandler,QLD
4156,"Burbank, Mackenzie",QLD
4157,"Capalaba, Capalaba BC, Capalaba DC, Capalaba West, Sheldon",QLD
4158,Thorneside,QLD
4159,Birkdale,QLD
4160,"Ormiston, Wellington Point",QLD
4161,Alexandra Hills,QLD
4163,"Cleveland, Cleveland DC",QLD
4164,Thornlands,QLD
4165,"Mount Cotton, Redland Bay, Victoria Point, Victoria Point West",QLD
4169,"East Brisbane, Kangaroo Point",QLD
4170,"Cannon Hill, Morningside, Norman Park, Seven Hills",QLD
4171,"Balmoral, Bulimba, Hawthorne",QLD
4172,Murarrie,QLD
4173,"Tingalpa, Tingalpa Bc, Tingalpa Dc",QLD
4174,Hemmant,QLD
4178,"Lytton, Port Of Brisbane, Wynnum, Wynnum North, Wynnum Plaza, Wynnum West",QLD
4179,"Lota, Manly, Manly West",QLD
4183,"Amity, Amity Point, Dunwich, North Stradbroke Island, Point Lookout",QLD
4184,"Coochiemudlo Island, Karragarra Island, Lamb Island, Macleay Island, Peel Island, Perulpa Island, Russell Island",QLD
4205,Bethania,QLD
4207,"Alberton, Bahrs Scrub, Bannockburn, Beenleigh, Belivah, Buccan, Cedar Creek, Eagleby, Edens Landing, Holmview, Logan Village, Luscombe, Mount Warren Park, Stapylton, Steiglitz, Windaroo, Wolffdene, Woongoolba, Yarrabilba, Yatala, Yatala DC",QLD
4208,"Gilberton, Jacobs Well, Kingsholme, Norwell, Ormeau, Ormeau Hills",QLD
4209,"Coomera, Pimpama, Upper Coomera, Willow Vale",QLD
4210,"Guanaba, Maudsland, Oxenford, Studio Village, Wongawallan",QLD
4211,"Advancetown, Beechmont, Binna Burra, Carrara, Clagiraba, Gaven, Gilston, Highland Park, Lower Beechmont, Mount Nathan, Natural Bridge, Nerang, Nerang BC, Nerang DC, Numinbah Valley, Pacific Pines, Southern Lamington",QLD
4212,"Helensvale, Helensvale Town Centre, Hope Island, Sanctuary Cove",QLD
4213,"Austinville, Bonogin, Mudgeeraba, Neranwood, Springbrook, Tallai, Worongary",QLD
4214,"Arundel, Arundel Bc, Arundel Dc, Ashmore, Ashmore City, Molendinar, Parkwood",QLD
4215,"Australia Fair, Chirn Park, Labrador, Southport, Southport BC, Southport Park",QLD
4216,"Biggera Waters, Coombabah, Hollywell, Paradise Point, Runaway Bay, South Stradbroke",QLD
4217,"Benowa, Bundall, Bundall BC, Bundall DC, Chevron Island, Gold Coast Mc, Isle Of Capri, Main Beach, Surfers Paradise",QLD
4218,"Broadbeach, Broadbeach Waters, Mermaid Beach, Mermaid Waters, Nobby Beach, Pacific Fair, Q Supercentre",QLD
4219,West Burleigh,QLD
4220,"Burleigh DC, Burleigh Heads, Burleigh Town, Burleigh Waters, Miami",QLD
4221,"Elanora, Palm Beach",QLD
4223,"Currumbin, Currumbin Dc, Currumbin Valley, Currumbin Waters",QLD
4224,Tugun,QLD
4225,"Bilinga, Coolangatta",QLD
4226,"Clear Island Waters, Merrimac, Robina, Robina DC",QLD
4227,"Reedy Creek, Varsity Lakes",QLD
4228,"Tallebudgera, Tallebudgera Valley",QLD
4229,Bond University,QLD
4230,Robina Town Centre,QLD
4270,Tamborine,QLD
4271,Eagle Heights,QLD
4272,"Mount Tamborine, North Tamborine, Tamborine Mountain",QLD
4275,"Benobble, Biddaddaba, Boyland, Canungra, Ferny Glen, Flying Fox, Illinbah, Lamington National Park, Sarabah, Witheren, Wonglepong",QLD
4280,"Jimboomba, North Maclean, South Maclean, Stockleigh",QLD
4285,"Allenview, Birnam, Bromelton, Cainbable, Cedar Grove, Chinghee Creek, Christmas Creek, Cryna, Darlington, Gleneagle, Hillview, Innisplain, Kagaru, Kerry, Knapp Creek, Kooralbyn, Mount Gipps, Mundoolun, Nindooinbah, Oaky Creek, Tabragalba, Tamrookum Creek, Undullah, Veresdale, Woodhill",QLD
4287,"Barney View, Mount Barney, Mount Lindesay, Palen Creek, Rathdowney, Running Creek",QLD
4300,"Augustine Heights, Bellbird Park, Brookwater, Camira, Carole Park, Gailes, Goodna, Springfield, Springfield Central, Springfield Lakes",QLD
4301,"Collingwood Park, Redbank, Redbank Plains",QLD
4303,"Dinmore, New Chum, Riverview",QLD
4304,"Blackstone, Booval, Booval Fair, Bundamba, Ebbw Vale, North Booval, Silkstone",QLD
4305,"Basin Pocket, Brassall, Bremer, Churchill, Coalfalls, East Ipswich, Eastern Heights, Flinders View, Ipswich, Leichhardt, Limestone Ridges, Moores Pocket, Newtown, North Ipswich, North Tivoli, One Mile, Raceview, Sadliers Crossing, Tivoli, West Ipswich, Woodend, Wulkuraka, Yamanto",QLD
4306,"Amberley, Avoca Vale, Benarkin, Benarkin North, Blackbutt, Blackbutt North, Blackbutt South, Borallon, Cherry Creek, Chuwar, Dundas, Fairney View, Glamorgan Vale, Googa Creek, Karrabin, Lake Manchester, Linville, Nukku, Peak Crossing, Pine Mountain, South Ripley, Swanbank, Walloon, Wanora, Wivenhoe Pocket",QLD
4307,"Coleyville, Harrisville, Mutdapilly, Radford, Silverdale, Warrill View, Wilsons Plains",QLD
4309,"Aratula, Charlwood, Clumber, Fassifern, Fassifern Valley, Frazerview, Kalbar, Kents Lagoon, Kulgun, Milora, Moogerah, Morwincha, Mount Edwards, Munbilla, Obum Obum, Tarome, Teviotville, Washpool",QLD
4310,"Allandale, Anthony, Blantyre, Boonah, Bunburra, Bunjurgen, Burnett Creek, Cannon Creek, Carneys Creek, Coochin, Croftby, Dugandan, Frenches Creek, Hoya, Kents Pocket, Maroon, Milbong, Milford, Mount Alford, Mount French, Roadvale, Templin, Wallaces Creek, Woolooman, Wyaralong",QLD
4311,"Atkinsons Dam, Brightview, Buaraba, Buaraba South, Churchable, Clarendon, Coolana, Coominya, Lockyer Waters, Lowood, Minden, Mount Tarampa, Patrick Estate, Prenzlau, Rifle Range, Tarampa, Wivenhoe Hill",QLD
4312,"Bryden, Caboonbah, Coal Creek, Crossdale, Esk, Eskdale, Glen Esk, Moombra, Mount Byron, Mount Hallen, Murrumba, Redbank Creek, Somerset Dam",QLD
4313,"Biarra, Braemore, Cooeeimbardi, Cressbrook, Fulham, Gregors Creek, Ivory Creek, Lower Cressbrook, Mount Beppo, Ottaba, Scrub Creek, Toogoolawah, Yimbun",QLD
4314,(Suburb data unavailable),(Unknown)
4340,"Ashwell, Calvert, Ebenezer, Grandchester, Jeebropilly, Lanefield, Lower Mount Walker, Merryvale, Moorang, Mount Forbes, Mount Mort, Mount Walker, Mount Walker West, Rosevale, Rosewood, Tallegalla, The Bluff, Woolshed",QLD
4341,"Blenheim, Hatton Vale, Kensington Grove, Kentville, Laidley, Laidley Creek West, Laidley Heights, Laidley North, Laidley South, Mount Berryman, Mulgowie, Plainland, Regency Downs, Summerholm, Thornton, Townson",QLD
4342,"Crowley Vale, Forest Hill, Glen Cairn, Glenore Grove, Lockrose, Lynford",QLD
4343,"Adare, Black Duck Creek, Caffey, College View, East Haldon, Fordsdale, Gatton, Ingoldsby, Junction View, Lake Clarendon, Lawes, Lefthand Branch, Lower Tenthill, Morton Vale, Mount Sylvia, Placid Hills, Ringwood, Rockside, Ropeley, Spring Creek, Upper Tenthill, Vinegar Hill, Woodbine, Woodlands",QLD
4344,"Carpendale, Egypt, Flagstone Creek, Helidon, Helidon Spa, Iredale, Lilydale, Lockyer, Rockmount, Seventeen Mile, Silver Ridge, Stockyard, Upper Flagstone",QLD
4346,Marburg,QLD
4347,"Grantham, Ma Ma Creek, Mount Whitestone, Veradilla, Winwill",QLD
4350,"Athol, Clifford Gardens, Cotswold Hills, Cranley, Drayton, Drayton North, Gowrie Mountain, Harlaxton, Harristown, Kearneys Spring, Middle Ridge, Mount Kynoch, Mount Lofty, Northlands, South Toowoomba, Southtown, Toowoomba City, Toowoomba East, Toowoomba South, Toowoomba Village Fair, Toowoomba West, Top Camp, Torrington, Wilsonton, Wyalla Plaza",QLD
4352,"Birnam, Blanchview, Cawdor, Cutella, Hampton, Highgrove, Hodgson Vale, Kleinton, Kulpi, Lyra, Maclagan, Meringandan, Murphys Creek, Nutgrove, Oman Ama, Postmans Ridge, Pozieres, Ravensbourne, Spring Bluff, Umbiram, Vale View, Withcott, Woolmer, Wutul, Yalangur",QLD
4353,"Bergen, East Cooyar, Haden",QLD
4354,"Douglas, Goombungee, Kilbirnie",QLD
4355,"Anduramba, Cressbrook Creek, Crows Nest, Emu Creek, Glenaven, Jones Gully, Mountain Camp, Pierces Creek, Pinelands, Plainby, The Bluff, Upper Pinelands",QLD
4356,"Bongeen, Broxburn, Evanslea, Irongate, Kincora, Linthorpe, Motley, Mount Tyson, North Branch, Norwin, Pittsworth, Purrawunda, Rossvale, Scrubby Mountain, Springside, St Helens, Stoneleigh, Yarranlea",QLD
4357,"Bringalily, Bulli Creek, Canning Creek, Captains Mountain, Condamine Farms, Cypress Gardens, Domville, Forest Ridge, Grays Gate, Kooroongarra, Lavelle, Lemontree, Millmerran, Millmerran Downs, Millmerran Woods, Millwood, Mount Emlyn, Punchs Creek, Rocky Creek, Stonehenge, The Pines, Turallin, Wattle Ridge, Western Creek, Woondul",QLD
4358,"Cambooya, Felton, Felton South, Ramsay, Vale View",QLD
4359,"Ascot, Budgee, East Greenmount, Greenmount, Greenmount East, Hirstglen, West Haldon",QLD
4360,Nobby,QLD
4361,"Back Plains, Clifton, Ellangowan, Elphinstone, Headington Hill, Kings Creek, Manapouri, Missen Flat, Mount Molar, Nevilton, Pilton, Ryeford, Sandy Camp, Spring Creek, Upper Pilton, Victoria Hill",QLD
4362,"Allora, Berat, Deuchar, Ellinthorp, Goomburra, Hendon, Mount Marshall, Talgai",QLD
4363,Southbrook,QLD
4364,Brookstead,QLD
4365,Leyburn,QLD
4370,"Bony Mountain, Canningvale, Cherry Gully, Clintonvale, Danderoo, Freestone, Junabee, Leslie Dam, Maryvale, Massie, Montrose, Mount Tabor, Murrays Bridge, North Branch, Pratten, Rosehill, Rosenthal Heights, Silverwood, Sladevale, Thane, The Hermitage, Toolburra, Warwick, Willowvale, Womina",QLD
4371,"Emu Vale, Swanfels, Yangan",QLD
4372,Tannymorel,QLD
4373,"Killarney, The Falls, The Head",QLD
4374,Dalveen,QLD
4375,"Cottonvale, Fleurbaix",QLD
4376,Thulimbah,QLD
4377,"Glen Niven, Maryland, The Summit",QLD
4378,Applethorpe,QLD
4380,"Amiens, Amosfield, Broadwater, Cannon Creek, Dalcouth, Eukey, Glenlyon, Greenlands, Kyoomba, Mingoola, Mount Tully, Nundubbermere, Pikedale, Pikes Creek, Ruby Creek, Severnlea, Springdale, Stanthorpe, Storm King, Sugarloaf, Thorndale, Undercliffe",QLD
4381,"Fletcher, Glen Aplin",QLD
4382,"Ballandean, Girraween, Lyra, Somme, Wyberba",QLD
4383,"Jennings, Wallangarra",QLD
4384,Limevale,QLD
4385,"Beebo, Bonshaw, Camp Creek, Glenarbon, Maidenhead, Riverton, Silver Spur, Smithlea, Texas, Watsons Crossing",QLD
4387,"Brush Creek, Bybera, Coolmunda, Greenup, Inglewood, Mosquito Creek, Terrica, Warroo, Whetstone",QLD
4388,"Kurumbul, Yelarbon",QLD
4390,"Billa Billa, Calingunee, Callandoon, Goodar, Goondiwindi, Kindon, Lundavra, Wondalli, Wyaga, Yagaburne",QLD
4400,Kingsthorpe,QLD
4401,"Acland, Aubigny, Balgowan, Biddeston, Boodua, Devon Park, Greenwood, Highland Plains, Kelvinhaugh, Mount Irving, Muldu, Oakey, Rosalie Plains, Sabine, Silverleigh, Yargullen",QLD
4402,"Cooyar, Kooralgin, Upper Cooyar Creek",QLD
4403,"Brymaroo, Jondaryan, Malu, Mount Moriah, Quinalow, West Prairie",QLD
4404,"Bowenville, Formartin, Irvingdale, Wainui",QLD
4405,"Blaxland, Bunya Mountains, Dalby, Ducklo, Grassdale, Marmadua, Pirrinuan, Ranges Bridge, St Ruth, Tipton, Weranga",QLD
4406,"Boondandilla, Hannaford, Jimbour, Kaimkillenbun, Kogan, Macalister, Moonie, Southwood, The Gums, Weir River",QLD
4407,"Cattle Creek, Cecil Plains, Dunmore, Nangwee",QLD
4408,Bell,QLD
4410,Jandowae,QLD
4411,Warra,QLD
4412,Brigalow,QLD
4413,"Baking Board, Boonarga, Burncluith, Canaga, Chances Plain, Chinchilla, Durah, Hopeland, Montrose, Wieambilla",QLD
4415,"Columboola, Dalwogon, Gurulmundi, Hookswood, Kowguran, Miles, Myall Park, Pelham",QLD
4416,"Barramornie, Condamine, Moraby, Nangram, Pine Hills, Sunnyside, Yulabilla",QLD
4417,"Noorindoo, Oberina, Parknook, Surat, Warkon, Wellesley, Weribone",QLD
4418,Guluguba,QLD
4419,"Cockatoo, Grosmont, Wandoan",QLD
4420,"Broadmere, Coorada, Ghinghinda, Glenhaughton, Gwambegwine, Hornet Bank, Peek-A-Doo, Spring Creek, Taroom",QLD
4421,"Goranba, Tara",QLD
4422,"Coomrith, Flinton, Inglestone, Meandarra, Westmar",QLD
4423,"Glenmorgan, Teelba",QLD
4424,"Drillham, Drillham South, Glenaubyn",QLD
4425,"Bogandilla, Dulacca",QLD
4426,"Jackson, Jackson North, Jackson South",QLD
4427,"Clifford, Yuleba, Yuleba North, Yuleba South",QLD
4428,"Pickanjinnie, Wallumbilla, Wallumbilla North, Wallumbilla South",QLD
4454,"Baffle West, Beilba, Durham Downs, Highland Plains, Hutton Creek, Injune, Mount Hutton, Pony Hills, Simmie, Upper Dawson, Westgrove",QLD
4455,"Ballaroo, Blythdale, Bungeworgorai, Bungil, Bymount, Cornwall, Dargal Road, Eumamurrin, Euthulla, Gunnewin, Hodgson, Mooga, Mount Abundance, Mount Bindango, Orallo, Orange Hill, Roma, Tingun, Wycombe",QLD
4461,Muckadilla,QLD
4462,Amby,QLD
4465,"Dunkeld, Forestvale, Mitchell, V Gate, Womalilla",QLD
4467,"Mungallala, Redford, Tyrconnel",QLD
4468,"Clara Creek, Morven",QLD
4470,"Bakers Bend, Charleville, Gowrie Station, Langlo, Murweh, Riversleigh",QLD
4472,"Blackall, Mount Enniskillen",QLD
4474,Adavale,QLD
4475,Cheepie,QLD
4477,"Augathella, Upper Warrego",QLD
4478,"Bayrick, Caldervale, Lansdowne, Lumeah, Macfarlane, Minnie Downs, Scrubby Creek, Tambo, Windeyer, Yandarlo",QLD
4479,Cooladdi,QLD
4480,"Eromanga, Quilpie",QLD
4481,"Farrars Creek, Tanbar, Windorah",QLD
4482,Birdsville,QLD
4486,"Dirranbandi, Hebel",QLD
4487,"Begonia, St George",QLD
4488,"Bollon, Nebine",QLD
4489,Wyandra,QLD
4490,"Barringun, Coongoola, Cunnamulla, Cuttaburra, Humeburn, Jobs Gate, Linden, Noorama, Tuen, Widgeegoara, Yowah",QLD
4491,Eulo,QLD
4492,"Bullawarra, Bulloo Downs, Dynevor, Nockatunga, Norley, Thargomindah",QLD
4493,Hungerford,QLD
4494,"Bungunya, North Bungunya, Tarawera",QLD
4496,"North Talwood, South Talwood, Talwood",QLD
4497,"Daymar, Thallon, Weengallon",QLD
4498,"Kioma, Toobeah",QLD
4500,"Bray Park, Brendale, Brendale BC, Brendale DC, Cashmere, Clear Mountain, Joyner, Strathpine, Strathpine Centre, Warner",QLD
4501,Lawnton,QLD
4502,Petrie,QLD
4503,"Dakabin, Griffin, Kallangur, Kurwongbah, Murrumba Downs, Whiteside",QLD
4504,Narangba,QLD
4505,"Burpengary, Burpengary DC, Burpengary East",QLD
4506,"Moorina, Morayfield",QLD
4507,"Banksia Beach, Bellara, Bongaree, Bribie Island, Bribie Island North, Welsby, White Patch, Woorim",QLD
4508,Deception Bay,QLD
4509,"Mango Hill, North Lakes",QLD
4510,"Beachmere, Bellmere, Caboolture, Caboolture BC, Caboolture South, Donnybrook, Meldale, Moodlu, Rocksberg, Toorbul, Upper Caboolture",QLD
4511,"Godwin Beach, Ningi, Sandstone Point",QLD
4512,"Bracalba, Wamuran, Wamuran Basin",QLD
4514,"Bellthorpe, Cedarton, Commissioners Flat, D'Aguilar, Delaneys Creek, Mount Archer, Mount Delaney, Neurum, Stanmore, Stony Creek, Villeneuve, Woodford",QLD
4515,"Glenfern, Hazeldean, Hazledean, Jimna, Kilcoy, Kingaham, Monsildale, Mount Kilcoy, Royston, Sandy Creek, Sheep Station Creek, Winya, Woolmar",QLD
4516,Elimbah,QLD
4517,Beerburrum,QLD
4518,Glass House Mountains,QLD
4519,"Beerwah, Coochin Creek, Crohamhurst, Peachester",QLD
4520,"Armstrong Creek, Camp Mountain, Cedar Creek, Closeburn, Draper, Enoggera Reservoir, Highvale, Jollys Lookout, Kobble Creek, Mount Glorious, Mount Nebo, Mount Samson, Samford, Samford Valley, Samford Village, Samsonvale, Wights Mountain, Yugar",QLD
4521,"Campbells Pocket, Dayboro, King Scrub, Laceys Creek, Mount Mee, Mount Pleasant, Ocean View, Rush Creek",QLD
4550,"Landsborough, Mount Mellum",QLD
4551,"Aroona, Battery Hill, Bells Creek, Caloundra, Caloundra BC, Caloundra DC, Caloundra West, Currimundi, Dicky Beach, Golden Beach, Kings Beach, Little Mountain, Meridan Plains, Moffat Beach, Pelican Waters, Shelly Beach",QLD
4552,"Bald Knob, Balmoral Ridge, Booroobin, Cambroon, Conondale, Crystal Waters, Curramore, Elaman Creek, Harper Creek, Maleny, North Maleny, Reesville, Witta, Wootha",QLD
4553,"Diamond Valley, Glenview, Mooloolah, Mooloolah Valley, Palmview",QLD
4554,"Eudlo, Ilkley",QLD
4555,"Chevallum, Hunchy, Landers Shoot, Palmwoods",QLD
4556,"Buderim, Forest Glen, Kunda Park, Mons, Sippy Downs, Tanawha",QLD
4557,"Mooloolaba, Mountain Creek",QLD
4558,"Cotton Tree, Kuluin, Maroochydore, Maroochydore Bc, Maroochydore DC, Sunshine Plaza",QLD
4559,"Diddillibah, Kiels Mountain, West Woombye, Woombye",QLD
4560,"Bli Bli, Burnside, Coes Creek, Cooloolabin, Dulong, Flaxton, Highworth, Image Flat, Kiamba, Kulangoor, Kureelpa, Mapleton, Montville, Nambour, Nambour BC, Nambour DC, Nambour West, Parklands, Perwillowen, Rosemount, Sunshine Coast Mc, Towen Mountain",QLD
4561,"Bridges, Maroochy River, Ninderry, North Arm, Valdora, Yandina, Yandina Creek",QLD
4562,"Belli Park, Doonan, Eerwah Vale, Eumundi, Verrierdale, Weyba Downs",QLD
4563,"Black Mountain, Carters Ridge, Cooroy, Cooroy Mountain, Lake Macdonald, Ridgewood, Tinbeerwah",QLD
4564,"Marcoola, Mudjimba, Pacific Paradise, Twin Waters",QLD
4565,"Boreen Point, Cooroibah, Cootharaba, Noosa North Shore, North Shore, Ringtail Creek, Tewantin",QLD
4566,"Noosaville, Noosaville DC",QLD
4567,"Castaways Beach, Noosa Heads, Sunrise Beach, Sunshine Beach",QLD
4568,"Federal, Pinbarren, Pomona",QLD
4569,Cooran,QLD
4570,"Amamoor, Araluen, Bells Bridge, Brooloo, Chatsworth, Curra, Dagun, East Deep Creek, Gilldora, Glanmire, Greens Creek, Jones Hill, Kandanga, Lagoon Pocket, Langshaw, Melawondi, Mothar Mountain, Southside, Tamaree, Tandur, Theebine, Toolara Forest, Veteran, Widgee, Woolooga",QLD
4571,"Como, Kin Kin",QLD
4572,Alexandra Headland,QLD
4573,"Coolum Beach, Marcus Beach, Mount Coolum, Peregian Beach, Peregian Springs, Point Arkwright, Yaroomba",QLD
4574,"Coolabine, Gheerulla, Kenilworth, Kidaman Creek, Moy Pocket, Obi Obi",QLD
4575,"Birtinya, Bokarina, Buddina, Minyama, Parrearra, Warana, Wurtulla",QLD
4580,"Cooloola, Cooloola Cove, Tin Can Bay",QLD
4581,"Eurong, Fraser Island, Inskip, Orchid Beach, Rainbow Beach",QLD
4600,"Black Snake, Cinnabar, Kilkivan, Mudlo, Oakview",QLD
4601,"Barambah, Boonara, Booubyjan, Goomeri, Goomeribong, Kinbombi, Manumbar, Manyung, Tansey, Wrattens Forest",QLD
4605,"Barlil, Byee, Cherbourg, Cloyna, Cobbs Hill, Crownthorpe, Glenrock, Kitoba, Manyung, Merlwood, Moffatdale, Moondooner, Murgon, Oakdale, Redgate, Silverleaf, Sunny Nook, Tablelands, Warnung, Windera, Wooroonden",QLD
4606,"Chelmsford, Fairdale, Ficks Crossing, Greenview, Leafdale, Mount Mceuen, Mp Creek, Wheatlands, Wondai",QLD
4608,"Charlestown, Cushnie, Tingoora, Wilkesdale, Wooroolin",QLD
4610,"Alice Creek, Ballogie, Benair, Booie, Boyneside, Chahpingah, Coolabunia, Corndale, Dangore, Durong, Durong South, Ellesmere, Goodger, Gordonbrook, Haly Creek, Hodgleigh, Inverlaw, Ironpot, Kingaroy, Kingaroy DC, Kumbia, Mannuem, Memerambi, Taabinga, Wattle Grove",QLD
4611,"Marshlands, Mondure",QLD
4612,"Hivesville, Kawl Kawl, Keysland, Stonelands, Wigton",QLD
4613,"Abbeywood, Boondooma, Brigooda, Coverty, Kinleymore, Melrose, Okeden, Proston, Speedwell, Stalworth",QLD
4614,"Neumgna, Upper Yarraman, Yarraman",QLD
4615,"Barker Creek Flat, Brooklands, Bullcamp, East Nanango, Elgin Vale, Glan Devon, Johnstown, Kunioon, Maidenwell, Nanango, Pimpimbudgee, Runnymede, Sandy Ridges, South East Nanango, South Nanango, Tarong, Wattle Camp, Wengenville, Wyalla",QLD
4620,"Aramara, Brooweena, Doongul, Gigoomgan, Glenbar, Gungaloon, Malarga, North Aramara, Teebar, Woocoo",QLD
4621,"Biggenden, Boompa, Coalstoun Lakes, Coringa, Dallarnil, Degilbo, Didcot, Golden Fleece, Lakeside, Wateranga, Woowoonga",QLD
4625,"Aranbanga, Ban Ban, Ban Ban Springs, Barlyne, Blairmore, Bon Accord, Branch Creek, Campbell Creek, Dirnbir, Ginoondan, Mingo, Mount Debateable, Mount Lawless, Mount Steadman, Penwhaupell, Pile Gully, Reids Creek, Stockhaven, The Limits, Toondahra, Wahoon, Wetheron, Wilson Valley, Woodmillar, Yenda",QLD
4626,"Beeron, Boynewood, Brovinia, Cattle Creek, Coonambula, Derri Derra, Dykehead, Glenrae, Gurgeena, Hawkwood, Monogorilby, Mundowran, Mundubbera, O'Bil Bil, Obil Bil, Old Cooranga, Philpott, Riverleigh",QLD
4627,"Abercorn, Ceratodus, Cheltenham, Cynthia, Eidsvold, Eidsvold East, Eidsvold West, Grosvenor, Malmoe, Wuruma Dam",QLD
4630,"Bancroft, Bukali, Cania, Cannindah, Coominglah, Coominglah Forest, Dalga, Glenleigh, Harrami, Kalpowar, Kapaldo, Langley, Monal, Monto, Moonford, Mulgildie, Mungungo, Rawbelle, Selene, Splinter Creek, Tellebang, Three Moon, Ventnor, Yarrol",QLD
4650,"Aldershot, Bauple, Bauple Forest, Boonooroo Plains, Duckinwilla, Dundathu, Dunmora, Ferney, Glenorchy, Grahams Creek, Maryborough DC, Maryborough West, Mount Steadman, Mount Urah, Netherby, Pallas Street Maryborough, Pioneers Rest, St Helens, Talegalla Weir, Tandora, Teddington, The Dimonds, Tinana South, Tuan Forest, Walkers Point",QLD
4655,"Booral, Bunya Creek, Craignish, Dundowran, Eli Waters, Great Sandy Strait, Happy Valley, Hervey Bay, Hervey Bay Dc, Kawungan, Kingfisher Bay, Nikenbah, Pialba, Point Vernon, Scarness, Sunshine Acres, Susan River, Takura, Toogoom, Torquay, Urangan, Urraween, Walliebum, Walligan, Wondunna",QLD
4659,"Beelbi Creek, Burgowan, Burrum Heads, Burrum River, Burrum Town, Howard, Pacific Haven",QLD
4660,"Abington, Apple Tree Creek, Buxton, Cherwell, Childers, Cordalba, Doolbi, Eureka, Farnsfield, Goodwood, Gregory River, Horton, Isis Central, Isis River, Kullogum, North Gregory, North Isis, Promisedland, Redridge, South Isis, Woodgate",QLD
4662,Torbanlea,QLD
4670,"Abbotsford, Alloway, Avenell Heights, Bucca, Bundaberg Central, Bundaberg Dc, Bundaberg East, Bundaberg North, Bundaberg South, Bundaberg West, Coonarr, Elliott, Innes Park, Meadowvale, Millbank, Moore Park Beach, Moorland, Mullett Creek, Oakwood, Qunaba, Svensson Heights, Welcome Creek, Windermere, Winfield, Woongarra",QLD
4671,"Boolboonda, Bungadoo, Dalysford, Damascus, Delan, Doughboy, Duingal, Gaeta, Gin Gin, Horse Camp, Kolonga, Maroondan, Molangul, Morganville, Mount Perry, Nearum, New Moonta, Redhill Farms, Skyring Reserve, St Agnes, St Kilda, Takilberan, Tirroan, Wallaville, Wonbah Forest",QLD
4673,"Littabella, Miara, Waterloo, Yandaran",QLD
4674,"Baffle Creek, Berajondo, Deepwater, Euleilah, Mount Maria, Oyster Creek, Rosedale, Rules Beach, Taunton",QLD
4676,"Gindoran, Lowmead",QLD
4677,"Agnes Water, Captain Creek, Colosseum, Eurimbula, Miriam Vale, Mount Tom, Round Hill, Seventeen Seventy",QLD
4678,"Bororen, Foreshores, Rodds Bay, Turkey Beach",QLD
4680,"Beecher, Burua, Byellee, Calliope, Curtis Island, Diglum, Gladstone, Gladstone Central, Gladstone DC, Gladstone Harbour, Glen Eden, Heron Island, Iveragh, Kin Kora, Kirkwood, Mount Alma, New Auckland, River Ranch, South End, Tannum Sands, Telina, Ubobo, West Gladstone, West Stowe, Wurdong Heights",QLD
4694,"Aldoga, Targinie, Targinnie, Yarwun",QLD
4695,"Ambrose, Bracewell, Darts Creek, East End, Machine Creek, Mount Larcom, The Narrows",QLD
4697,Raglan,QLD
4699,"Bajool, Port Alma",QLD
4700,"Allenstown, Depot Hill, Fairy Bower, Great Keppel Island, Port Curtis, Rockhampton, Rockhampton City, Rockhampton Hospital, The Keppels, The Range, Wandal, West Rockhampton",QLD
4701,"Berserker, Central Queensland University, Frenchville, Greenlake, Ironpot, Kawana, Koongal, Lakes Creek, Limestone Creek, Mount Archer, Nankin, Nerimbera, Norman Gardens, North Rockhampton, Park Avenue, Red Hill Rockhampton, Rockhampton DC, Rockyview, Sandringham, The Common",QLD
4702,"Alton Downs, Argoon, Baralaba, Bouldercombe, Cawarral, Coorooman, Coowonga, Dingo, Gogango, Gracemere, Joskeleigh, Keppel Sands, Marmor, Milman, Mount Chalmers, Parkhurst, Ridgelands, Rolleston, Rossmoya, Rubyvale, Sapphire, Tungamull, Wallaroo, Wowan, Wycarbah",QLD
4703,"Bangalee, Barmoya, Bondoola, Bungundarra, Byfield, Cobraball, Cooee Bay, Farnborough, Hidden Valley, Inverness, Lake Mary, Lammermoor, Maryvale, Meikleville Hill, Mulambin, Mulara, Pacific Heights, Rosslyn, Stockyard, Tanby, Taranganba, Taroomball, Weerriba, Woodbury, Yeppoon",QLD
4704,"Wattlebank, Yaamba",QLD
4705,"Clarke Creek, Lotus Creek, Mackenzie River, Marlborough, Mount Gardiner",QLD
4706,Ogmore,QLD
4707,"Collaroy, St Lawrence, The Percy Group",QLD
4709,Tieri,QLD
4710,"Emu Park, Zilzie",QLD
4711,"Glendale, Glenlee",QLD
4712,Duaringa,QLD
4713,Woorabinda,QLD
4714,"Baree, Boulder Creek, Fletcher Creek, Hamilton Creek, Horse Creek, Johnsons Hill, Leydens Hill, Limestone, Moongan, Mount Morgan, Nine Mile Creek, Oakey Creek, Struck Oil, The Mine, Trotter Creek, Walmul, Walterhall, Wura",QLD
4715,"Biloela, Callide, Castle Creek, Dakenba, Dumgree, Greycliffe, Mount Murchison, Orange Creek, Prospect, Tarramba, Valentine Plains",QLD
4716,"Lawgi Dawes, Thangool",QLD
4717,Blackwater,QLD
4718,"Bauhinia, Dromedary, Kianga, Moura, Mungabunda, Oombabeer, Rhydding, Roundstone, Warnoah",QLD
4719,"Camboon, Cracow, Glenmoral, Isla, Lonesome Creek, Theodore",QLD
4720,"Emerald, Yamala",QLD
4721,"Argyll, Clermont, Elgin, Frankfield, Gemini Mountains, Kilcummin, Laglan, Mistake Creek, Pasha, Theresa Creek, Winchester, Wolfang",QLD
4722,"Buckland, Cairdbeign, Cona Creek, Nandowrie, Orion, Springsure, Wealwandangie",QLD
4723,"Belcong, Capella, Carbine Creek, Chirnside, Crinum, Hibernia, Khosh Bulduk, Lilyvale, Lowestoff, Mount Macarthur, Retro",QLD
4724,"Alpha, Beaufort, Drummondslope, Hobartville, Pine Hill, Port Wine, Sedgeford, Surbiton",QLD
4725,"Barcaldine, Barcaldine Downs, Patrick, Tara Station",QLD
4726,"Aramac, Galilee, Pelican Creek",QLD
4727,Ilfracombe,QLD
4728,"Dunrobin, Garfield, Jericho, Mexico",QLD
4730,"Camoola, Chorregon, Ernestina, Longreach, Maneroo, Morella, Stonehenge, Tocal, Vergemont",QLD
4731,Isisford,QLD
4732,"Muttaburra, Tablederry",QLD
4733,Corfield,QLD
4735,"Diamantina Lakes, Middleton, Opalton, Winton",QLD
4736,Jundah,QLD
4737,"Armstrong Beach, Blue Mountain, Campwin Beach, Freshwater Point, Sarina, Sarina Beach, Sarina Range, Sunnyside",QLD
4738,"Ilbilbie, Koumala",QLD
4739,Carmila,QLD
4740,"Alligator Creek, Balnagowan, Belmunda, Blacks Beach, Cape Hillsborough, Dumbleton, Dundula, Dunnrock, East Mackay, Grasstree Beach, Haliday Bay, Homebush, Mackay, Mackay Caneland, Mackay DC, Mackay North, Mackay South, Mackay West, Mcewens Beach, Mount Pleasant, Nindaroo, North Mackay, Planland, Richmond, Sandiford",QLD
4741,"Brampton Island, Brightly, Clairview, Coppabella, Epsom, Farleigh, Gargett, Hampden, Hazledean, Kuttabul, Lindeman Island, Long Island, Mackay Mc, Mount Charlton, Mount Ossa, Mount Pelion, North Eton, Oakenden, Orkabie, Owens Creek, Pinnacle, Pleystowe, Seaforth, South Molle, Yalboroo",QLD
4742,"Burton, Eaglefield, Elphinstone, Hail Creek, Kemmis, Mount Britton, Mt Britton, Nebo, Oxford, Strathfield, Turrawulla, Valkyrie",QLD
4743,"Glenden, Suttor",QLD
4744,Moranbah,QLD
4745,Dysart,QLD
4746,"May Downs, Middlemount",QLD
4750,"Bucasia, Shoal Point",QLD
4751,"Greenmount, Palmyra, Victoria Plains, Walkerston",QLD
4753,"Devereux Creek, Marian",QLD
4754,"Benholme, Dows Creek, Mia Mia, Mirani, Mount Martin, Pinevale, Septimus",QLD
4756,"Finch Hatton, Netherdale",QLD
4757,"Broken River, Crediton, Dalrymple Heights, Eungella, Eungella Dam",QLD
4798,"Calen, Mentmore, Pindi Pindi, St Helens Beach",QLD
4799,"Bloomsbury, Midge Point",QLD
4800,"Andromache, Cannon Valley, Cape Conway, Conway, Conway Beach, Crystal Brook, Dingo Beach, Dittmer, Foxdale, Glen Isla, Goorganga Creek, Goorganga Plains, Gregory River, Hideaway Bay, Kelsey Creek, Lake Proserpine, Lethebrook, Mount Julian, Mount Marlow, Palm Grove, Preston, Proserpine, Riordanvale, Strathdickie, Thoopara",QLD
4801,Hayman Island,QLD
4802,"Airlie Beach, Cannonvale, Flametree, Jubilee Pocket, Mandalay, Mount Rooper, Shute Harbour, Whitsundays, Woodwark",QLD
4803,Hamilton Island,QLD
4804,"Collinsville, Mount Coolon, Mount Wyatt, Newlands, Scottville, Springlands",QLD
4805,"Bogie, Bowen, Gumlu, Guthalungra, Merinda, Queens Beach",QLD
4806,"Carstairs, Fredericksfield, Home Hill, Inkerman, Kirknie, Osborne, Rangemore, Wangaratta, Wunjunga",QLD
4807,"Airdmillan, Airville, Alva, Ayr, Clare, Claredale, Dalbeg, Eight Mile Creek, Jarvisfield, Mcdesme, Millaroo, Mona Park, Mount Kelly, Mulgrave, Parkside, Rita Island, Rite Island, Swans Lagoon",QLD
4808,"Brandon, Colevale",QLD
4809,"Barratta, Cromarty, Giru, Horseshoe Lagoon, Jerona, Mount Surround, Shirbourne, Upper Haughton",QLD
4810,"Belgian Gardens, Cape Cleveland, Castle Hill, North Ward, Pallarenda, Railway Estate, Rowes Bay, Shelly Beach, South Townsville, Town Common, Townsville, Townsville City, Townsville DC, Townsville Mc, West End",QLD
4811,"Cluden, Idalia, James Cook University, Mount Stuart, Oak Valley, Oonoonba, Roseneath, Stuart, Wulguru",QLD
4812,"Currajong, Gulliver, Hermit Park, Hyde Park, Hyde Park Castletown, Mundingburra, Mysterton, Pimlico, Rosslea",QLD
4814,"Aitkenvale, Annandale, Cranbrook, Douglas, Garbutt, Garbutt East, Heatley, Mount Louisa, Murray, Thuringowa DC, Vincent",QLD
4815,"Condon, Granite Vale, Gumlow, Kelso, Pinnacles, Rasmussen",QLD
4816,"Balgal Beach, Barringha, Calcium, Carruchan, Clemant, Crystal Creek, Cungulla, Homestead, Julago, Kennedy, Macrossan, Majors Creek, Mingela, Mutarnee, Nelia, Nome, Palm Island, Pentland, Prairie, Ravenswood, Reid River, Sellheim, The Cape, Toonpan, Woodstock",QLD
4817,"Alice River, Bohle Plains, Hervey Range, Kirwan, Rangewood, Thuringowa Central",QLD
4818,"Beach Holm, Black River, Blue Hills, Bluewater, Bluewater Park, Bohle, Burdell, Bushland Beach, Cosgrove, Deeragun, Jensen, Lynam, Mount Low, Mount St John, Saunders Beach, Shaw, Toolakea, Yabulu",QLD
4819,"Arcadia, Florence Bay, Horseshoe Bay, Magnetic Island, Nelly Bay, Picnic Bay, West Point",QLD
4820,"Alabama Hill, Balfes Creek, Basalt, Black Jack, Breddan, Broughton, Campaspe, Charters Towers, Charters Towers City, Columbia, Dotswood, Grand Secret, Lissner, Llanarth, Millchester, Mosman Park, Queenton, Richmond Hill, Seventy Mile, Southern Cross, Toll, Towers Hill",QLD
4821,"Dutton River, Hughenden, Porcupine, Stamford, Tangorin",QLD
4822,"Albion, Bellfield, Burleigh, Cambridge, Maxwelton, Richmond, Saxby, Victoria Vale, Woolgar",QLD
4823,"Carpentaria, Julia Creek, Kynuna, Mckinlay, Stokes, Taldora, Warburton",QLD
4824,"Cloncurry, Four Ways, Gidya, Kuridala, Oorindi, Three Rivers",QLD
4825,"Barkly, Breakaway, Dajarra, Duchess, Georgina, Gunpowder, Happy Valley, Kalkadoon, Lanskey, Lawn Hill, Menzies, Mica Creek, Mornington, Mount Isa, Mount Isa City, Mount Isa DC, Mount Isa East, Parkside, Pioneer, Piturie, Ryan, Sunset, The Gap, The Monument, Winston",QLD
4828,Camooweal,QLD
4829,"Amaroo, Bedourie, Boulia, Min Min, Sturt, Toko, Warenda, Wills",QLD
4830,"Burketown, Doomadgee, Gregory, Nicholson",QLD
4849,"Cardwell, Damper Creek, Hinchinbrook, Lumholtz, Rungoo",QLD
4850,"Abergowrie, Allingham, Bambaroo, Bemerside, Braemeadows, Dalrymple Creek, Foresthome, Forrest Beach, Gairloch, Garrawalt, Ingham, Lucinda, Macknade, Mount Fox, Orient, Peacock Siding, Taylors Beach, Trebonne, Upper Stone, Valley Of Lagoons, Victoria Estate, Victoria Plantation, Wallaman, Wharps, Yuruga",QLD
4852,"Bingil Bay, Carmoo, Djiru, Dunk, Garners Beach, Midgeree Bar, Mission Beach, South Mission Beach, Tam O'Shanter, Wongaling Beach",QLD
4854,"Bilyana, Birkalla, Bulgun, Cardstone, Dingo Pocket, Djarawong, East Feluga, Euramo, Feluga, Hull Heads, Jarra Creek, Kooroomool, Lower Tully, Merryburn, Midgenoo, Mount Mackay, Munro Plains, Murray Upper, Murrigal, Rockingham, Silky Oak, Tully, Tully Heads, Walter Hill, Warrami",QLD
4855,"Daveson, El Arish, Friday Pocket, Granadilla, Jaffa, Maadi, Maria Creeks, Shell Pocket",QLD
4856,"Goolboo, Japoonvale, Mccutcheon, No. 4 Branch, No. 5 Branch, Silkwood, Walter Lever Estate",QLD
4857,Silkwood East,QLD
4858,"Comoon Loop, Etty Bay, Martyville, Mourilyan, Mourilyan Harbour, New Harbourline",QLD
4859,"No. 6 Branch, South Johnstone",QLD
4860,"Belvedere, Cooroo Lands, Coorumba, Cullinane, Daradgee, East Innisfail, East Palmerston, Eubenangee, Flying Fish Point, Goondi, Goondi Bend, Hudson, Innisfail, Mundoo, Ngatjan, Njatjan, Palmerston, Pin Gin Hill, South Innisfail, Stoters Hill, Upper Daradgee, Vasa Views, Wanjuru, Webb, Wooroonooran",QLD
4861,"Babinda, Bartle Frere, East Russell",QLD
4865,"Goldsborough, Gordonvale, Green Hill, Kamma, Little Mulgrave, Packers Camp",QLD
4868,"Bayview Heights, Mount Sheridan, White Rock, Woree",QLD
4869,"Bentley Park, Edmonton, Mount Peter, Wrights Creek",QLD
4870,"Aeroglen, Barron Gorge, Brinsmead, Bungalow, Cairns Central, Cairns City, Cairns DC, Cairns North, Cairns Orchid Plaza, Earlville, Earlville BC, Edge Hill, Freshwater, Kamerunga, Kanimbla, Lamb Range, Manunda, Martynvale, Mooroobool, North Cairns, Parramatta Park, Portsmith, Redlynch, Stratford, Westcourt",QLD
4871,"Almaden, Aloomba, Bombeeta, Coen, Deeral, Desailly, East Trinity, Fishery Falls, Fitzroy Island, Forsayth, Georgetown, Gununa, Julatten, Kowanyama, Laura, Lyndhurst, Macalister Range, Miriwinni, Mirriwinni, Moresby, Mount Carbine, Petford, Southedge, Warrubullen, Yarrabah",QLD
4872,"Barrine, Barwidgi, Cairns Mc, Danbulla, Dimbulah, Forty Mile, Glen Ruth, Gunnawarra, Innot Hot Springs, Kairi, Kirrama, Koombooloomba, Kowrowa, Lake Tinaroo, Minnamoolka, Mount Garnet, Munderra, Mutchilba, Silver Valley, Tinaroo, Wairuna, Walkamin",QLD
4873,"Bamboo, Bonnie Doon, Cape Tribulation, Cooya Beach, Cow Bay, Dagmar, Daintree, Dedin, Diwan, Finlayvale, Forest Creek, Miallo, Mossman, Mossman Gorge, Newell, Noah, Rocky Point, Shannonvale, Spurgeon, Stewart Creek Valley, Syndicate, Thornton Beach, Upper Daintree, Whyanbeel, Wonga",QLD
4874,"Evans Landing, Jardine River, Mapoon, Mission River, Nanum, Napranum, Rocky Point, Shelburne, Trunding, Weipa, Weipa Airport, Wenlock",QLD
4875,"Badu Island, Boigu Island, Coconut Island, Dauan Island, Erub, Horn Island, Kubin Village, Mabuiag Island, Moa Island, Murray Island, Prince Of Wales, Saibai Island, Stephens Island, Thursday Island, Warraber Island, Yam Island, Yorke Island",QLD
4876,"Bamaga, Injinoo, New Mapoon, Seisia, Umagico",QLD
4877,"Craiglie, Killaloe, Mowbray, Oak Beach, Port Douglas, Wangetti",QLD
4878,"Barron, Caravonica, Holloways Beach, Machans Beach, Smithfield, Yorkeys Knob",QLD
4879,"Clifton Beach, Ellis Beach, Kewarra Beach, Palm Cove, Trinity Beach, Trinity Park",QLD
4880,"Arriga, Biboohra, Chewko, Glen Russell, Mareeba, Paddys Green",QLD
4881,"Koah, Kuranda, Mona Mona, Speewah",QLD
4882,Tolga,QLD
4883,"Atherton, Carrington, East Barron, Upper Barron, Wongabel",QLD
4884,"Gadgarra, Lake Barrine, Lake Eacham, Yungaburra",QLD
4885,"Butchers Creek, Glen Allyn, Jaggan, Kureen, Malanda, North Johnstone, Peeramon, Tarzali, Topaz",QLD
4886,"Beatrice, Ellinjaa, Maalan, Middlebrook, Millaa Millaa, Minbun, Moregatta, Mungalli",QLD
4887,"Herberton, Irvinebank, Kalunga, Moomin, Watsonville, Wondecla",QLD
4888,"Evelyn, Kaban, Millstream, Ravenshoe, Tumoulin",QLD
4890,"Howitt, Normanton",QLD
4891,Karumba,QLD
4892,"Abingdon Downs, Arbouin, Archer River, Aurukun, Dixie, Edward River, Gamboola, Groganville, Highbury, Holroyd River, Lakefield, Lockhart, Lyndside, Maramie, Mount Mulgrave, Palmer, Pormpuraaw, Ravensworth, South Wellesley Islands, Staaten, Wellesley Islands, West Wellesley Islands, Wrotham, Yagoonya, Yarraden",QLD
4895,"Ayton, Bloomfield, Cooktown, Degarra, Helenvale, Hope Vale, Rossville, Starcke, Wujal Wujal",QLD
5000,"Adelaide, Adelaide Bc, City West Campus, Halifax Street, Hutt Street, Rundle Mall, Station Arcade, Sturt Street",SA
5001,Adelaide,SA
5005,"Adelaide University, The University Of Adelaide, University Of Adelaide",SA
5006,"North Adelaide, North Adelaide Melbourne St",SA
5007,"Bowden, Brompton, Hindmarsh, Welland, West Hindmarsh",SA
5008,"Croydon, Croydon Park, Devon Park, Dudley Park, Renown Park, Ridleyton, West Croydon",SA
5009,"Allenby Gardens, Beverley, Kilkenny",SA
5010,"Angle Park, Ferryden Park, Regency Park, Regency Park Bc",SA
5011,"St Clair, Woodville, Woodville Park, Woodville South, Woodville West",SA
5012,"Athol Park, Mansfield Park, Woodville Gardens, Woodville North",SA
5013,"Gillman, Ottoway, Pennington, Rosewater, Rosewater East, Wingfield",SA
5014,"Albert Park, Alberton, Cheltenham, Hendon, Queenstown, Royal Park",SA
5015,"Birkenhead, Ethelton, Glanville, New Port, Port Adelaide, Port Adelaide DC",SA
5016,"Largs Bay, Largs North, Peterhead",SA
5017,"Osborne, Taperoo",SA
5018,"North Haven, Outer Harbor",SA
5019,"Exeter, Semaphore, Semaphore Park, Semaphore South",SA
5020,West Lakes Shore,SA
5021,West Lakes,SA
5022,"Grange, Henley Beach, Henley Beach South, Tennyson",SA
5023,"Findon, Seaton",SA
5024,"Fulham, Fulham Gardens, West Beach",SA
5025,"Flinders Park, Kidman Park",SA
5031,"Mile End, Mile End South, Thebarton, Torrensville, Torrensville Plaza",SA
5032,"Brooklyn Park, Lockleys, Underdale",SA
5033,"Cowandilla, Hilton, Hilton Plaza, Marleston, Marleston DC, Richmond, West Richmond",SA
5034,"Clarence Park, Goodwood, Kings Park, Millswood, Wayville",SA
5035,"Ashford, Black Forest, Everard Park, Forestville, Keswick, Keswick Terminal",SA
5037,"Glandore, Kurralta Park, Netley, North Plympton",SA
5038,"Camden Park, Plympton, Plympton Park, South Plympton",SA
5039,"Clarence Gardens, Edwardstown, Melrose Park, Melrose Park DC",SA
5040,Novar Gardens,SA
5041,"Colonel Light Gardens, Cumberland Park, Daw Park, Panorama, Westbourne Park",SA
5042,"Bedford Park, Clovelly Park, Flinders University, Pasadena, St Marys",SA
5043,"Ascot Park, Marion, Mitchell Park, Morphettville, Park Holme",SA
5044,"Glengowrie, Somerton Park",SA
5045,"Glenelg, Glenelg East, Glenelg Jetty Road, Glenelg North, Glenelg South",SA
5046,"Oaklands Park, Warradale, Warradale North",SA
5047,"Darlington, Seacombe Gardens, Seacombe Heights, Sturt",SA
5048,"Brighton, Dover Gardens, Hove, North Brighton, South Brighton",SA
5049,"Kingston Park, Marino, Seacliff, Seacliff Park, Seaview Downs",SA
5050,"Bellevue Heights, Eden Hills",SA
5051,"Blackwood, Coromandel Valley, Craigburn Farm, Hawthorndene",SA
5052,"Belair, Glenalta",SA
5061,"Hyde Park, Malvern, Unley, Unley BC, Unley DC, Unley Park",SA
5062,"Brown Hill Creek, Clapham, Hawthorn, Kingswood, Lower Mitcham, Lynton, Mitcham, Mitcham Shopping Centre, Netherby, Springfield, Torrens Park",SA
5063,"Eastwood, Frewville, Fullarton, Highgate, Parkside",SA
5064,"Glen Osmond, Glenunga, Mount Osmond, Myrtle Bank, St Georges, Urrbrae",SA
5065,"Dulwich, Glenside, Linden Park, Toorak Gardens, Tusmore",SA
5066,"Beaumont, Burnside, Erindale, Hazelwood Park, Stonyfell, Waterfall Gully, Wattle Park",SA
5067,"Beulah Park, Kent Town, Norwood, Norwood South, Rose Park",SA
5068,"Heathpool, Kensington, Kensington Gardens, Kensington Park, Leabrook, Marryatville, St Morris, Trinity Gardens",SA
5069,"College Park, Evandale, Hackney, Maylands, St Peters, Stepney",SA
5070,"Felixstow, Firle, Glynde, Glynde DC, Glynde Plaza, Joslin, Marden, Payneham, Payneham South, Royston Park",SA
5071,"Kent Town, Kent Town DC",SA
5072,"Auldana, Magill, Magill North, Magill South, Rosslyn Park, Skye, Teringie, Woodforde",SA
5073,"Hectorville, Rostrevor, Tranmere, Tranmere North",SA
5074,"Campbelltown, Newton",SA
5075,"Dernancourt, Paradise",SA
5076,"Athelstone, Castambul",SA
5081,"Collinswood, Gilberton, Medindie, Medindie Gardens, Vale Park, Walkerville",SA
5082,"Fitzroy, Ovingham, Prospect, Prospect East, Thorngate",SA
5083,"Broadview, Nailsworth, Sefton Park",SA
5084,"Blair Athol, Kilburn, Kilburn North",SA
5085,"Clearview, Enfield, Enfield Plaza, Northfield, Northgate",SA
5086,"Gilles Plains, Greenacres, Hampstead Gardens, Hillcrest, Manningham, Oakden",SA
5087,"Klemzig, Windsor Gardens",SA
5088,Holden Hill,SA
5089,Highbury,SA
5090,Hope Valley,SA
5091,"Banksia Park, Tea Tree Gully, Vista",SA
5092,"Modbury, Modbury Heights, Modbury North, Modbury North DC",SA
5093,"Para Vista, Valley View",SA
5094,"Cavan, Dry Creek, Gepps Cross",SA
5095,"Mawson Lakes, Pooraka, The Levels",SA
5096,"Gulfview Heights, Para Hills, Para Hills West",SA
5097,"Redwood Park, Ridgehaven, St Agnes",SA
5098,"Ingle Farm, Walkley Heights",SA
5106,"Parafield, Salisbury South, Salisbury South BC, Salisbury South DC",SA
5107,"Green Fields, Parafield Gardens",SA
5108,"Paralowie, Salisbury, Salisbury Downs, Salisbury North, Salisbury North Whites Road",SA
5109,"Brahma Lodge, Salisbury East, Salisbury East Northbri Ave, Salisbury Heights, Salisbury Park, Salisbury Plain",SA
5110,"Bolivar, Burton, Direk, Globe Derby Park, St Kilda, Waterloo Corner",SA
5111,"Edinburgh, Edinburgh Raaf",SA
5112,"Elizabeth, Elizabeth East, Elizabeth Grove, Elizabeth South, Elizabeth Vale, Hillbank",SA
5113,"Davoren Park, Davoren Park South, Edinburgh North, Elizabeth Downs, Elizabeth North, Elizabeth Park, Elizabeth West, Elizabeth West DC",SA
5114,"Andrews Farm, Blakeview, Craigmore, Gould Creek, Humbug Scrub, One Tree Hill, Sampson Flat, Smithfield, Smithfield Plains, Smithfield West, Uleybury, Yattalunga",SA
5115,"Kudla, Munno Para, Munno Para Downs, Munno Para West",SA
5116,"Evanston, Evanston Gardens, Evanston Park, Evanston South, Hillier",SA
5117,Angle Vale,SA
5118,"Bibaringa, Buchfelde, Concordia, Gawler, Gawler Belt, Gawler East, Gawler River, Gawler South, Gawler West, Hewett, Kalbeeba, Kangaroo Flat, Kingsford, Reid, Ward Belt, Willaston",SA
5120,"Buckland Park, Virginia",SA
5121,"Macdonald Park, Penfield, Penfield Gardens",SA
5125,"Golden Grove, Golden Grove Village, Greenwith",SA
5126,"Fairview Park, Surrey Downs, Yatala Vale",SA
5127,Wynn Vale,SA
5131,"Houghton, Lower Hermitage, Upper Hermitage",SA
5132,Paracombe,SA
5133,Inglewood,SA
5134,"Cherryville, Montacute",SA
5136,Norton Summit,SA
5137,"Ashton, Marble Hill",SA
5138,Basket Range,SA
5139,Forest Range,SA
5140,Greenhill,SA
5141,"Horsnell Gully, Summertown",SA
5142,Uraidla,SA
5144,Carey Gully,SA
5150,"Eagle On The Hill, Leawood Gardens",SA
5151,Piccadilly,SA
5152,"Cleland, Crafers, Crafers West, Stirling",SA
5153,"Biggs Flat, Bradbury, Chapel Hill, Echunga, Flaxley, Green Hills Range, Heathfield, Ironbank, Jupiter Creek, Longwood, Macclesfield, Mylor, Scott Creek",SA
5154,Aldgate,SA
5155,"Bridgewater, Mount George",SA
5156,Upper Sturt,SA
5157,"Ashbourne, Bull Creek, Cherry Gardens, Clarendon, Coromandel East, Dorset Vale, Kangarilla, Mcharg Creek",SA
5158,"Hallett Cove, O'Halloran Hill, O'Halloran Hill DC, Sheidow Park, Trott Park",SA
5159,"Aberfoyle Park, Chandlers Hill, Flagstaff Hill, Happy Valley",SA
5160,"Lonsdale, Lonsdale DC",SA
5161,"Old Reynella, Reynella, Reynella East",SA
5162,"Morphett Vale, Woodcroft",SA
5163,"Hackham, Hackham West, Huntfield Heights, Onkaparinga Hills",SA
5164,Christie Downs,SA
5165,"Christies Beach, Christies Beach North",SA
5166,O'Sullivan Beach,SA
5167,"Port Noarlunga, Port Noarlunga South",SA
5168,"Noarlunga Centre, Noarlunga Downs, Old Noarlunga",SA
5169,"Moana, Seaford, Seaford Heights, Seaford Meadows, Seaford Rise",SA
5170,Maslin Beach,SA
5171,"Blewitt Springs, Mclaren Flat, Mclaren Vale, Pedler Creek, Tatachilla",SA
5172,"Dingabledinga, Hope Forest, Kuitpo Colony, Kyeema, Montarra, Pages Flat, The Range, Whites Valley, Willunga, Willunga Hill, Willunga South, Yundi",SA
5173,"Aldinga, Aldinga Beach, Port Willunga",SA
5174,"Sellicks Beach, Sellicks Hill",SA
5201,"Blackfellows Creek, Kuitpo, Meadows, Paris Creek, Prospect Hill",SA
5202,"Hindmarsh Tiers, Myponga, Myponga Beach",SA
5203,"Bald Hills, Parawa, Torrens Vale, Tunkalilla, Wattle Flat, Yankalilla",SA
5204,"Cape Jervis, Carrickalinga, Deep Creek, Delamere, Hay Flat, Normanville, Rapid Bay, Second Valley, Silverton, Wirrina Cove",SA
5210,"Mount Compass, Mount Magnificent, Nangkita",SA
5211,"Back Valley, Encounter Bay, Hayborough, Hindmarsh Valley, Inman Valley, Lower Inman Valley, Mccracken, Mount Jagged, Victor Harbor, Waitpinga, Willow Creek",SA
5212,Port Elliot,SA
5213,Middleton,SA
5214,"Currency Creek, Goolwa, Goolwa Beach, Goolwa North, Goolwa South, Hindmarsh Island, Mosquito Hill, Mundoo Island",SA
5220,Parndana,SA
5221,"American River, Ballast Head, Muston",SA
5222,"American Beach, Antechamber Bay, Baudin Beach, Brown Beach, Cuttlefish Bay, Dudley East, Dudley West, Ironstone, Island Beach, Kangaroo Head, Pelican Lagoon, Penneshaw, Porky Flat, Sapphiretown, Willoughby, Willson River",SA
5223,"Bay Of Shoals, Birchmore, Brownlow Ki, Cape Borda, Cassini, Cygnet River, D'Estrees Bay, De Mole River, Duncan, Emu Bay, Flinders Chase, Gosse, Haines, Kingscote, Kohinoor, Macgillivray, Menzies, Middle River, Nepean Bay, Seal Bay, Seddon, Stun'Sail Boom, Vivonne Bay, Western River, Wisanger",SA
5231,"Chain Of Ponds, Kersbrook, Millbrook",SA
5232,Cudlee Creek,SA
5233,"Forreston, Gumeracha",SA
5234,Birdwood,SA
5235,"Cromer, Eden Valley, Flaxman Valley, Mount Pleasant, Springton, Taunton",SA
5236,Tungkillo,SA
5237,"Apamurra, Milendella, Palmer, Sanderston",SA
5238,"Angas Valley, Big Bend, Bolto, Bowhill, Caurnamont, Claypans, Five Miles, Forster, Frahns, Frayville, Julanka Holdings, Lake Carlet, Mannum, Old Teal Flat, Pellaring Flat, Pompoota, Ponde, Port Mannum, Purnong Landing, Rocky Point, Teal Flat, Walker Flat, Wongulla, Younghusband, Younghusband Holdings",SA
5240,Lenswood,SA
5241,Lobethal,SA
5242,Balhannah,SA
5243,Oakbank,SA
5244,"Charleston, Harrogate, Inverbrackie, Mount Torrens, Woodside",SA
5245,"Hahndorf, Paechtown, Verdun",SA
5250,"Blakiston, Littlehampton, Totness",SA
5251,"Bugle Ranges, Mount Barker, Mount Barker Junction, Mount Barker Springs, Mount Barker Summit, Wistow",SA
5252,"Brukunga, Dawesley, Hay Valley, Kanmantoo, Nairne, St Ives",SA
5253,"Avoca Dell, Brinkley, Burdett, Chapman Bore, Ettrick, Gifford Hill, Greenbanks, Long Flat, Mobilong, Monteith, Murrawong, Murray Bridge, Murray Bridge East, Murray Bridge North, Murray Bridge South, Northern Heights, Riverglades, Riverglen, Sunnyside, Swanport, Toora, White Sands, Willow Banks, Woods Point",SA
5254,"Callington, Caloote, Monarto, Monarto South, Murray Bridge, Mypolonga, Pallamana, Petwood, Rockleigh, Rocky Gully, Tepko, Wall Flat, White Hill, Woodlane, Zadows Landing",SA
5255,"Angas Plains, Belvidere, Bletchley, Finniss, Gemmells, Hartley, Highland Valley, Lake Plains, Langhorne Creek, Mount Observation, Mulgundawa, Nalpa, Red Creek, Salem, Sandergrove, Strathalbyn, Tooperang, Willyaroo, Woodchester",SA
5256,"Clayton, Clayton Bay, Milang, Nurragi, Point Sturt, Tolderol",SA
5259,"Ashville, Jervois, Kepa, Malinong, Narrung, Naturi, Point Mcleay, Poltalloch, Raukkan, Tailem Bend, Wellington, Wellington East",SA
5260,"Elwomple, Tailem Bend",SA
5261,"Cooke Plains, Coomandook, Culburra, Ki Ki, Yumali",SA
5262,"Binnum, Frances, Hynam, Kybybolite",SA
5263,Coonawarra,SA
5264,"Coorong, Meningie, Meningie East, Meningie West, Salt Creek, Waltowa",SA
5265,"Coonalpyn, Field",SA
5266,"Bunbury, Colebatch, Deepwater, Tintinara",SA
5267,"Brimbago, Coombe, Keith, Laffer, Makin, Mccallum, Mount Charles, Petherick, Shaugh, Sherwood, Willalooka, Wirrega",SA
5268,"Bangham, Bordertown, Bordertown South, Cannawigara, Lowan Vale, Pooginagoric, Senior, Western Flat",SA
5269,"Custon, Pine Hill, Wolseley",SA
5270,"Buckingham, Carew, Kongal, Mundulla, Mundulla West, Swede Flat",SA
5271,"Bool Lagoon, Cadgee, Joanna, Keppoch, Koppamurra, Laurie Park, Lochaber, Marcollat, Mount Light, Moyhall, Naracoorte, Padthaway, Spence, Stewart Range, Struan, The Gap, Wild Dog Valley, Wrattonbully",SA
5272,"Coles, Conmurra, Fox, Greenways, Lucindale, Woolumbool",SA
5273,Avenue Range,SA
5275,"Blackford, Boatswain Point, Cape Jaffa, Keilira, Kingston S.E., Kingston Se, Mount Benson, Pinks Beach, Reedy Creek, Rosetown, Sandy Grove, Taratap, Tilley Swamp, Wangolina, West Range, Wyomi",SA
5276,"Bray, Nora Creina, Robe",SA
5277,"Comaum, Glenroy, Maaoupe, Monbulla, Nangwarry, Penola, Pleasant Park, Tarpeena",SA
5278,"Kalangadoo, Krongart, Moerlong, Wepar",SA
5279,"Koorine, Mount Burr, Mount Mcintyre, Short, Trihi, Wattle Range East",SA
5280,"Beachport, Canunda, Clay Wells, Furner, German Flat, Hatherleigh, Kangaroo Inn, Magarey, Millicent, Rendelsham, Rocky Camp, Sebastopol, Southend, Tantanoola, Thornlea, Wattle Range",SA
5290,Mount Gambier,SA
5291,"Allendale East, Cape Douglas, Carpenter Rocks, Caveton, Compton, Dismal Swamp, Donovans, Eight Mile Creek, German Creek, Glenburnie, Mingbool, Moorak, Mount Gambier East, Mount Gambier West, Nene Valley, O.B. Flat, Ob Flat, Pelican Point, Port Macdonnell, Racecourse Bay, Square Mile, Suttontown, Wandilo, Wye, Yahl",SA
5301,"Carcuma, Geranium, Jabuk, Moorlands, Netherton, Parrakie, Peake, Sherlock, Wilkawatt",SA
5302,"Lameroo, Ngarkat",SA
5303,Parilla,SA
5304,"Karte, Kringin, Peebinga, Pinnaroo",SA
5306,Wynarka,SA
5307,"Karoonda, Marama",SA
5308,"Copeville, Galga, Mantung, Mercunda, Perponda",SA
5309,"Borrika, Halidon, Mindarie, Sandalwood",SA
5310,"Caliph, Wanbi",SA
5311,"Alawoona, Billiatt, Bugle Hut, Maggea, Malpas, Meribah, Paruna, Schell Well, Taldra, Taplan, Veitch, Woodleigh, Wunkar",SA
5320,"Beatty, Beaumonts, Brenda Park, Bundey, Eba, Lindley, Maude, Morgan, Morphetts Flat, Murbko, North West Bend, Stuart, Wombats Rest",SA
5321,"Cadell, Cadell Lagoon",SA
5322,"Golden Heights, Qualco, Ramco, Ramco Heights, Sunlands",SA
5330,"Boolgun, Devlins Pound, Good Hope Landing, Holder, Holder Siding, Kanni, Lowbank, Markaranka, Overland Corner, Pooginook, Stockyard Plain, Taylorville, Waikerie, Wigley Flat, Woolpunda",SA
5331,"Kingston On Murray, Kingston-On-Murray",SA
5332,"Moorook, Moorook South, Wappilka, Yinkanie",SA
5333,"Bookpurnong, Loxton, Loxton North, New Residence, Pata, Pyap, Pyap West, Taplan",SA
5340,"Mundic Creek, Murtho, Paringa, Pike River, Wonuarra, Yamba",SA
5341,"Chaffey, Cooltong, Crescent, Old Calperum, Renmark, Renmark North, Renmark South, Renmark West",SA
5342,Monash,SA
5343,"Berri, Gerard, Gurra Gurra, Katarapko, Lyrup, Winkie",SA
5344,Glossop,SA
5345,"Barmera, Loveday, Spectacle Lake",SA
5346,Cobdogla,SA
5350,"Rosedale, Sandy Creek",SA
5351,"Altona, Barossa Goldfields, Cockatoo Valley, Lyndoch, Mount Crawford, Pewsey Vale, Williamstown",SA
5352,"Bethany, Gomersal, Krondorf, Rowland Flat, Stone Well, Tanunda, Vine Vale",SA
5353,"Angaston, Black Hill, Cambrai, Keyneton, Kongolia, Langs Landing, Marks Landing, Moculta, Mount Mckenzie, Penrice, Punyelroo, Sedan, Sunnydale, Towitta",SA
5354,"Bakara, Bakara Well, Fisher, Naidia, Swan Reach",SA
5355,"Daveyston, Ebenezer, Light Pass, Marananga, Moppa, Nuriootpa, Seppeltsfield, Stockwell",SA
5356,"Annadale, Dutton, Dutton East, Sandleton, St Kitts, Steinfeld, Stonefield, Truro",SA
5357,"Blanchetown, Mcbean Pound, New Well, Notts Well, Paisley",SA
5360,"Greenock, Nain",SA
5371,"Morn Hill, Roseworthy, Shea-Oak Log, Templers",SA
5372,Freeling,SA
5373,"Allendale North, Bagot Well, Bethel, Fords, Hamilton, Kapunda, Koonunga, St Johns",SA
5374,"Australia Plains, Bower, Brownlow, Buchanan, Eudunda, Frankton, Hampden, Hansborough, Julia, Mount Mary, Neales Flat, Ngapala, Peep Hill, Point Pass, Sutherlands",SA
5381,"Brady Creek, Bright, Emu Downs, Geranium Plains, Hallelujah Hills, Robertstown, Rocky Plain, Worlds End",SA
5400,"Magdala, Pinkerton Plains, Wasleys, Woolsheds",SA
5401,"Alma, Hamley Bridge, Salter Springs",SA
5410,"Linwood, Stockport",SA
5411,"Giles Corner, Tarlee",SA
5412,"Navan, Rhynie, Riverton, Woolshed Flat",SA
5413,"Apoinga, Black Springs, Marrabel, Saddleworth, Steelton, Tarnma, Tothill Belt, Tothill Creek, Waterloo",SA
5414,Manoora,SA
5415,"Mintaro, Stanley",SA
5416,"Farrell Flat, Porter Lagoon",SA
5417,"Baldina, Booborowie, Burra, Burra Eastern Districts, Gum Creek, Hanson, Koonoona, Leighton, Mongolata, North Booborowie",SA
5418,"Collinsville, Mount Bryan",SA
5419,"Canowie, Hallett, Mount Bryan East, Pine Creek, Ulooloo, Willalo, Wonna",SA
5420,"Canowie Belt, Whyte Yarcowie",SA
5421,"Franklyn, Terowie",SA
5422,"Cavenagh, Dawson, Erskine, Hardy, Mannanarie, Minvalara, Oodla Wirra, Paratoo, Parnaroo, Peterborough, Sunnybrae, Ucolta, Yatina",SA
5431,"Amyton, Black Rock, Coomooroo, Eurelia, Hammond, Johnburgh, Minburra, Morchard, Orroroo, Pekina, Tarcowie, Walloway, Willowie, Yalpara",SA
5432,"Belton, Carrieton, Cradock, Moockra, Yanyarrie",SA
5433,"Bruce, Quorn, Saltia, Stephenston, Willochra, Yarrah",SA
5434,"Barndioota, Hawker, Kanyaka",SA
5440,"Cockburn, Manna Hill, Mingary, Nackara, Olary, Waukaringa, Yunta",SA
5451,"Auburn, Undalya",SA
5452,"Leasingham, Watervale",SA
5453,"Armagh, Barinia, Benbournie, Boconnoc Park, Clare, Emu Flat, Gillentown, Hill River, Hoyleton, Kybunga, Penwortham, Polish Hill River, Sevenhill, Spring Farm, Spring Gully, Stanley Flat",SA
5454,"Andrews, Broughton River Valley, Euromina, Hacklins Corner, Mayfield, Spalding, Washpool",SA
5455,Hilltown,SA
5460,"Barabba, Owen, Pinery, Stockyard Creek",SA
5461,"Balaklava, Bowillia, Dalkey, Erith, Everard Central, Goyder, Halbury, Hoskin Corner, Mount Templeton, Saints, Stow, Watchman, Whitwarta",SA
5462,Blyth,SA
5464,"Anama, Brinkworth, Bungaree, Condowie, Hart, Koolunga, Marola, Rochester",SA
5470,Yacka,SA
5471,Gulnare,SA
5472,Georgetown,SA
5473,Gladstone,SA
5480,"Appila, Laura, Stone Hut",SA
5481,"Bangor, Murray Town, Wirrabara, Wongyarra",SA
5482,"Booleroo Centre, Wepowie",SA
5483,Melrose,SA
5485,Wilmington,SA
5490,"Caltowie, Caltowie North, Caltowie West",SA
5491,"Belalie East, Belalie North, Bundaleer Gardens, Bundaleer North, Hornsdale, Jamestown, West Bundaleer",SA
5493,Yongala,SA
5495,"Baroota, Germein Bay, Mambray Creek, Nectar Brook, Port Flinders, Port Germein",SA
5501,"Avon, Calomba, Dublin, Lewiston, Long Plains, Lower Light, Middle Beach, Parham, Port Gawler, Thompson Beach, Two Wells, Webb Beach, Wild Horse Plains, Windsor",SA
5502,"Fischer, Grace Plains, Korunye, Mallala, Redbanks, Reeves Plains",SA
5510,Lochiel,SA
5520,"Barunga Gap, Bumbunga, Burnsfield, Snowtown, Wokurna",SA
5521,Redhill,SA
5522,"Fisherman Bay, Port Broughton, Ward Hill",SA
5523,"Beetaloo, Clements Gap, Crystal Brook, Huddleston, Merriton, Narridy, Nurom, Wandearah, Wandearah East, Wandearah West",SA
5540,"Bungama, Coonamia, Lower Broughton, Napperby, Nelshaby, Pirie East, Port Davis, Port Pirie, Port Pirie South, Port Pirie West, Risdon Park, Risdon Park South, Solomontown, Telowie, Warnertown",SA
5550,"Beaufort, Bowmans, Inkerman, Kallora, Nantawarra, Port Wakefield, Proof Range, South Hummocks",SA
5552,"Kainton, Kulpara, Melton, Paskeville, Port Arthur, Sunnyvale, Thrington",SA
5554,"Boors Plain, Cunliffe, Jericho, Jerusalem, Kadina, Matta Flat, New Town, Thomas Plain, Wallaroo Mines, Willamulka",SA
5555,"Alford, Collinsfield, Hope Gap, Lake View, Mundoora, Tickera",SA
5556,"North Beach, Wallaroo, Wallaroo Plain, Warburto",SA
5558,"Agery, Cross Roads, East Moonta, Hamley, Kooroona, Moonta, Moonta Bay, Moonta Mines, Nalyappa, North Moonta, North Yelta, Paramatta, Port Hughes, Yelta",SA
5560,"Bute, Ninnes",SA
5570,"Clinton, Clinton Centre, Port Clinton, Price, Winulta",SA
5571,"Ardrossan, Black Point, Cunningham, Dowlingville, James Well, Petersville, Pine Point, Rogues Point, Sandilands, Tiddy Widdy Beach",SA
5572,Arthurton,SA
5573,"Balgowan, Chinaman Wells, Maitland, Point Pearce, Port Victoria, South Kilkerran, Urania, Wauraltee, Weetulta, Yorke Valley",SA
5575,"Bluff Beach, Brentwood, Corny Point, Hardwicke Bay, Koolywurtie, Marion Bay, Minlaton, Point Turton, Port Rickaby, Ramsay, Stenhouse Bay, White Hut, Wool Bay",SA
5576,"Honiton, Port Moorowie, Yorketown",SA
5577,"Couch Beach, Foul Bay, Inneston, Point Souttar, The Pines, Warooka",SA
5580,"Curramulka, Port Julia",SA
5581,"Port Vincent, Sheaoak Flat",SA
5582,"Port Giles, Stansbury",SA
5583,"Coobowie, Edithburgh, Sultana Point",SA
5600,"Whyalla, Whyalla DC, Whyalla Playford",SA
5601,"Backy Point, Cowleds Landing, Cultana, Douglas Point, Douglas Point South, False Bay, Fitzgerald Bay, Iron Baron, Iron Knob, Mullaquana, Murninnie Beach, Point Lowly, Point Lowly North, Port Bonython, Whyalla Barson",SA
5602,"Cowell, Lucky Bay, Mangalo, Midgee, Miltalie, Minbrie, Mitchellville, Port Gibbon",SA
5603,"Arno Bay, Hincks, Verran, Wharminda",SA
5604,Port Neill,SA
5605,"Butler, Tumby Bay",SA
5606,Port Lincoln,SA
5607,"Charlton Gully, Coffin Bay, Coomunga, Coulta, Duck Ponds, Green Patch, Koppio, Little Douglas, Louth Bay, Mount Drummond, Mount Hope, Pearlah, Point Boston, Poonindie, Sheringa, Tiatukia, Tooligie, Tootenilla, Tulka, Ungarra, Wangary, Warrow, Whites Flat, Whites River, Yallunda Flat",SA
5608,"Whyalla Norrie, Whyalla Norrie East, Whyalla Norrie North, Whyalla Stuart",SA
5609,Whyalla Jenkins,SA
5611,(Suburb data unavailable),(Unknown)
5630,Edillilie,SA
5631,"Cockaleechie, Cummins",SA
5632,"Kapinnie, Karkoo, Mitchell, Yeelanna",SA
5633,"Boonerdo, Lock",SA
5640,"Campoona, Cleve, Jamieson, Waddikee",SA
5641,"Barna, Buckleboo, Caralue, Cortlinye, Cunyarie, Kelly, Kimba, Moseley, Panitya, Pinkawillinie, Solomon, Wilcherry, Yalanda",SA
5642,"Darke Peak, Hambidge, Kielpa, Murlong, Rudall",SA
5650,"Cootra, Koongawa, Warramboo",SA
5651,Kyancutta,SA
5652,"Paney, Pygery, Wudinna",SA
5653,Yaninee,SA
5654,"Cocata, Karcultaby, Minnipa, Mount Damper",SA
5655,"Bockelberg, Kaldoonera, Poochera",SA
5660,"Chilpenunda, Cungena",SA
5661,"Koolgera, Pimbaacla, Wallala, Wirrulla, Yantanabie",SA
5670,"Bramfield, Colton, Coolillie, Elliston, Kappawanta, Mount Joy, Mount Wedge, Palkagee, Polda, Talia, Ulyerra",SA
5671,"Baird Bay, Calca, Colley, Mortana, Mount Cooper, Port Kenny, Tyringa, Witera",SA
5680,"Carawa, Chandada, Chinbingina, Eba Anchorage, Haslam, Inkster, Laura Bay, Maryvale, Mudamuckla, Nunjikompita, Perlubie, Petina, Piednippie, Puntabie, Pureba, Sceale Bay, Smoky Bay, Streaky Bay, Westall, Yanerbie",SA
5690,"Bookabie, Ceduna, Charra, Coorabie, Denial Bay, Fowlers Bay, Kalanbi, Koonibba, Maltee, Merghiny, Nadia, Penong, Thevenard, Uworra, Wandana, Watraba, White Well Corner, Yalata",SA
5700,"Blanche Harbor, Commissariat Point, Miranda, Mundallio, Port Augusta, Port Augusta North, Port Augusta West, Port Paterson, Wami Kata, Winninowie",SA
5701,"Arkaroola Village, Cook, Glendambo, Kingoonya, Port Augusta, Tarcoola, Woolundunga",SA
5710,"Cook, Kingoonya, Nonning, Port Augusta, Stirling North, Tarcoola",SA
5713,(Suburb data unavailable),(Unknown)
5715,(Suburb data unavailable),(Unknown)
5719,(Suburb data unavailable),(Unknown)
5720,"Pimba, Woomera",SA
5722,Andamooka,SA
5723,Coober Pedy,SA
5724,"Marla, Mintabie",SA
5725,"Olympic Dam, Roxby Downs",SA
5730,"Beltana, Blinman, Parachilna",SA
5731,"Coopers Creek, Cordillo Downs, Innamincka, Leigh Creek, Lyndhurst",SA
5732,"Copley, Nepabunna",SA
5733,"Farina, Marree",SA
5734,Oodnadatta,SA
5950,"Adelaide Airport, Export Park",SA
6000,"City Delivery Centre, Perth, Perth GPO",WA
6003,"Highgate, Northbridge",WA
6004,East Perth,WA
6005,"Kings Park, West Perth",WA
6006,North Perth,WA
6007,"Leederville, West Leederville",WA
6008,"Daglish, Shenton Park, Subiaco, Subiaco East",WA
6009,"Broadway Nedlands, Crawley, Dalkeith, Nedlands, Nedlands DC",WA
6010,"Claremont, Claremont North, Karrakatta, Mount Claremont, Swanbourne",WA
6011,"Cottesloe, Peppermint Grove",WA
6012,Mosman Park,WA
6014,"Floreat, Jolimont, Wembley",WA
6015,City Beach,WA
6016,"Glendalough, Mount Hawthorn",WA
6017,"Herdsman, Osborne Park, Osborne Park DC",WA
6018,"Churchlands, Doubleview, Gwelup, Gwelup DC, Innaloo, Karrinyup, Woodlands",WA
6019,"Scarborough, Wembley Downs",WA
6020,"Carine, Marmion, North Beach, Sorrento, Watermans Bay",WA
6021,"Balcatta, Stirling",WA
6022,Hamersley,WA
6023,Duncraig,WA
6024,"Greenwood, Warwick",WA
6025,"Craigie, Hillarys, Kallaroo, Padbury",WA
6026,"Kingsley, Woodvale",WA
6027,"Beldon, Connolly, Edgewater, Heathridge, Joondalup, Joondalup DC, Mullaloo, Ocean Reef",WA
6028,"Burns Beach, Currambine, Iluka, Kinross",WA
6029,Trigg,WA
6030,"Clarkson, Merriwa, Mindarie, Quinns Rocks, Ridgewood, Tamala Park",WA
6031,"Banksia Grove, Carramar, Neerabup",WA
6032,Nowergup,WA
6033,Carabooda,WA
6034,Eglinton,WA
6035,Yanchep,WA
6036,"Butler, Jindalee",WA
6037,Two Rocks,WA
6038,Alkimos,WA
6041,"Caraban, Gabbadah, Guilderton, Wilbinga, Woodridge",WA
6042,Seabird,WA
6043,"Breton Bay, Ledge Point",WA
6044,"Karakin, Lancelin, Nilgen, Wedge Island",WA
6050,"Coolbinia, Menora, Mount Lawley",WA
6051,Maylands,WA
6052,"Bedford, Inglewood",WA
6053,Bayswater,WA
6054,"Ashfield, Bassendean, Eden Hill, Kiara, Lockridge",WA
6055,"Brabham, Caversham, Dayton, Guildford, Hazelmere, Henley Brook, South Guildford, West Swan",WA
6056,"Baskerville, Bellevue, Boya, Greenmount, Helena Valley, Herne Hill, Jane Brook, Koongamia, Middle Swan, Midland, Midvale, Millendon, Red Hill, Stratton, Swan View, Viveash, Woodbridge",WA
6057,"High Wycombe, Maida Vale",WA
6058,Forrestfield,WA
6059,Dianella,WA
6060,"Dog Swamp, Joondanna, Tuart Hill, Yokine, Yokine South",WA
6061,"Balga, Mirrabooka, Nollamara, Westminster",WA
6062,"Embleton, Morley, Noranda",WA
6063,"Beechboro, Bennett Springs",WA
6064,"Alexander Heights, Girrawheen, Koondoola, Marangaroo",WA
6065,"Ashby, Darch, Gnangara, Hocking, Jandabup, Kingsway, Landsdale, Lexia, Madeley, Mariginiup, Melaleuca, Pearsall, Pinjar, Sinagra, Tapping, Wangara, Wangara DC, Wanneroo",WA
6066,Ballajura,WA
6067,Cullacabardee,WA
6068,Whiteman,WA
6069,"Aveley, Belhus, Brigadoon, Ellenbrook, Ellenbrook East, The Vines, Upper Swan",WA
6070,Darlington,WA
6071,"Glen Forrest, Hovea",WA
6072,Mahogany Creek,WA
6073,"Mundaring, Mundaring DC",WA
6074,Sawyers Valley,WA
6076,"Bickley, Carmel, Gooseberry Hill, Hacketts Gully, Kalamunda, Lesmurdie, Paulls Valley, Pickering Brook, Piesse Brook, Reservoir, Walliston",WA
6077,"Gnangara, Jandabup",WA
6078,"Mariginiup, Pinjar",WA
6079,"Lexia, Melaleuca",WA
6081,"Parkerville, Stoneville",WA
6082,"Bailup, Mount Helena",WA
6083,"Gidgegannup, Morangup",WA
6084,"Avon Valley National Park, Bullsbrook, Chittering, Lower Chittering, Walyunga National Park",WA
6090,Malaga,WA
6100,"Burswood, Lathlain, Victoria Park",WA
6101,"Carlisle, Carlisle North, Carlisle South, East Victoria Park",WA
6102,"Bentley, Bentley DC, Bentley South, St James",WA
6103,Rivervale,WA
6104,"Ascot, Belmont, Redcliffe",WA
6105,"Cloverdale, Kewdale, Perth Airport",WA
6106,Welshpool,WA
6107,"Beckenham, Cannington, East Cannington, Kenwick, Queens Park, Wattle Grove, Wilson",WA
6108,Thornlie,WA
6109,"Maddington, Orange Grove",WA
6110,"Gosnells, Huntingdale, Martin, Southern River",WA
6111,"Ashendon, Camillo, Canning Mills, Champion Lakes, Karragullen, Kelmscott, Kelmscott DC, Lesley, Roleystone, Westfield",WA
6112,"Armadale, Bedfordale, Brookdale, Forrestdale, Harrisdale, Haynes, Hilbert, Mount Nasura, Mount Richon, Piara Waters, Seville Grove, Wungong",WA
6121,"Oakford, Oldbury",WA
6122,"Byford, Cardup, Darling Downs, Karrakup",WA
6123,"Mundijong, Whitby",WA
6124,Jarrahdale,WA
6125,"Hopeland, Mardella, Serpentine",WA
6126,Keysbrook,WA
6147,"Langford, Lynwood, Parkwood",WA
6148,"Ferndale, Riverton, Rossmoyne, Shelley",WA
6149,"Bull Creek, Leeming",WA
6150,"Bateman, Murdoch, Winthrop",WA
6151,"Kensington, South Perth, South Perth Angelo St",WA
6152,"Como, Karawara, Manning, Salter Point, Waterford",WA
6153,"Applecross, Applecross North, Ardross, Brentwood, Canning Bridge Applecross, Mount Pleasant",WA
6154,"Alfred Cove, Booragoon, Myaree",WA
6155,"Canning Vale, Canning Vale DC, Canning Vale East, Canning Vale South, Willetton",WA
6156,"Attadale, Melville, Willagee, Willagee Central",WA
6157,"Bicton, Palmyra, Palmyra DC",WA
6158,East Fremantle,WA
6159,North Fremantle,WA
6160,Fremantle,WA
6161,Rottnest Island,WA
6162,"Beaconsfield, South Fremantle, White Gum Valley",WA
6163,"Bibra Lake, Bibra Lake DC, Coolbellup, Hamilton Hill, Hilton, Kardinya, North Coogee, North Lake, O'Connor, Samson, Spearwood",WA
6164,"Atwell, Aubin Grove, Banjup, Beeliar, Cockburn Central, Hammond Park, Jandakot, South Lake, Success, Yangebup",WA
6165,"Hope Valley, Naval Base",WA
6166,"Coogee, Henderson, Munster, Wattleup",WA
6167,"Anketell, Bertram, Calista, Casuarina, Kwinana Beach, Kwinana Town Centre, Mandogalup, Medina, Orelia, Parmelia, Postans, The Spectacles, Wandi",WA
6168,"Cooloongup, East Rockingham, Garden Island, Hillman, Peron, Rockingham, Rockingham Beach, Rockingham DC",WA
6169,"Safety Bay, Shoalwater, Waikiki, Warnbro",WA
6170,"Leda, Wellard",WA
6171,Baldivis,WA
6172,Port Kennedy,WA
6173,Secret Harbour,WA
6174,Golden Bay,WA
6175,Singleton,WA
6176,Karnup,WA
6180,"Lakelands, Parklands",WA
6181,Stake Hill,WA
6207,"Myara, Nambeelup, North Dandalup, Solus, Whittaker",WA
6208,"Blythewood, Fairbridge, Meelon, Nirimba, North Yunderup, Oakley, Pinjarra, Point Grey, Ravenswood, South Yunderup, West Pinjarra",WA
6209,"Barragup, Furnissdale",WA
6210,"Barragup, Bouvard, Clifton, Coodanup, Dawesville, Dudley Park, Erskine, Falcon, Furnissdale, Greenfields, Halls Head, Herron, Lakelands, Madora Bay, Mandurah, Mandurah DC, Mandurah East, Mandurah North, Meadow Springs, Parklands, San Remo, Silver Sands, Stake Hill, Wannanup",WA
6211,"Bouvard, Clifton, Dawesville, Herron",WA
6213,"Banksiadale, Dwellingup, Etmilyn, Holyoake, Inglehope, Marrinup, Teesdale",WA
6214,"Birchmont, Coolup, West Coolup",WA
6215,"Hamel, Lake Clifton, Nanga Brook, Preston Beach, Wagerup, Waroona",WA
6218,Yarloop,WA
6220,"Cookernup, Harvey, Hoffman, Myalup, Uduc, Warawarrup",WA
6221,"Mornington, Wokalup",WA
6223,Benger,WA
6224,"Beela, Brunswick",WA
6225,"Allanson, Bowelling, Buckingham, Cardiff, Collie, Collie Burn, Harris River, Lyalls Mill, Mcalinden, Muja, Mumballup, Mungalup, Noggerup, Palmer, Preston Settlement, Shotts, Worsley, Yourdamung Lake",WA
6226,Roelands,WA
6227,Burekup,WA
6228,Waterloo,WA
6229,"Picton, Picton East",WA
6230,"Bunbury, Carey Park, College Grove, Dalyellup, Davenport, East Bunbury, Gelorup, Glen Iris, Pelican Point, South Bunbury, Usher, Vittoria, Withers",WA
6232,"Eaton, Millbridge",WA
6233,"Australind, Binningup, Leschenault, Parkfield, Wellesley",WA
6236,"Crooked Brook, Dardanup, Dardanup West, Ferguson, Henty, Paradise, Wellington Forest, Wellington Mill",WA
6237,"Boyanup, Elgin, Gwindinup, North Boyanup, Stratham, The Plains",WA
6239,"Argyle, Beelerup, Brookhampton, Charley Creek, Donnybrook, Glen Mervyn, Paynedale, Queenwood, Thomson Brook, Upper Capel, Yabberup",WA
6240,Lowden,WA
6243,"Wilga, Wilga West",WA
6244,"Boyup Brook, Chowerup, Dinninup, Kulikup, Mayanup, Scotts Brook, Tonebridge, Trigwell",WA
6251,"Brazier, Kirup, Newlands",WA
6252,Mullalyup,WA
6253,"Balingup, Grimwade, Southampton",WA
6254,"Greenbushes, North Greenbushes",WA
6255,"Benjinup, Bridgetown, Catterick, Hester, Hester Brook, Kangaroo Gully, Winnejup",WA
6256,"Glenlynn, Kingston, Maranup, Sunnyside, Wandillup, Yornup",WA
6258,"Balbarrup, Crowea, Deanmill, Diamond Tree, Dingup, Dixvale, Donnelly River, Glenoran, Jardee, Lake Muir, Linfarne, Manjimup, Middlesex, Mordalup, Nyamup, Palgarup, Perup, Quinninup, Ringbark, Shannon River Mill, Smith Brook, Upper Warren, Wilgarrup, Yanmah",WA
6260,"Beedelup, Biddelia, Callcup, Channybearup, Collins, Eastbrook, Lake Jasper, Peerabeelup, Pemberton, Yeagarup",WA
6262,"Boorara Brook, Crowea, Meerup, Northcliffe, Shannon, Windy Harbour",WA
6271,"Capel, Capel River, Forrest Beach, Peppermint Grove Beach, Stirling Estate",WA
6275,"Barrabup, Carlotta, Cundinup, Darradup, East Nannup, Jalbarragup, Jarrahwood, Nannup, Scott River East, Yoganup",WA
6280,"Abba River, Acton Park, Ambergate, Boallia, Busselton, Carbunup River, Chapman Hill, Hithergreen, Jindong, Kalgup, Kaloorup, Kealy, Ludlow, Marybrook, Metricup, North Jindong, Ruabon, Sabina River, Siesta Park, Tutunup, Walsall, West Busselton, Wilyabrup, Wonnerup, Yoongarillup",WA
6281,"Dunsborough, Eagle Bay, Naturaliste, Quedjinup, Quindalup",WA
6282,"Yallingup, Yallingup Siding",WA
6284,"Baudin, Cowaramup, Gracetown, Treeton",WA
6285,"Bramley, Burnside, Gnarabup, Margaret River, Osmington, Prevelly, Rosa Brook, Rosa Glen, Schroeder",WA
6286,"Boranup, Forest Grove, Redgate, Witchcliffe",WA
6288,"Alexandra Bridge, Courtenay, Hamelin Bay, Karridale, Nillup, Scott River, Warner Glen",WA
6290,"Augusta, Deepdene, East Augusta, Kudardup, Leeuwin, Molloy Island",WA
6302,"Badgin, Balladong, Burges, Caljie, Cold Harbour, Daliak, Flint, Flynn, Gilgering, Greenhills, Gwambygine, Inkpen, Kauring, Malebelling, Mount Hardey, Mount Observation, Narraloggan, Quellington, St Ronans, Talbot, Talbot West, Wilberforce, York",WA
6304,"Bally Bally, Beverley, Dale, East Beverley, Kokeby, Morbinning, Westdale",WA
6306,"Aldersyde, Brookton, Bulyee, Jelcobine, Kweda",WA
6308,"Codjatotine, Dwarda, East Pingelly, Gillimanning, Hastings, Pingelly, Pumphreys Bridge, Springs, Wandering, West Pingelly",WA
6309,"East Popanyinning, Popanyinning, Stratherne, West Popanyinning",WA
6311,"Commodine, Contine, Cuballing, Dryandra, Lol Gray, Townsendale, Wardering, Yornaning",WA
6312,"Boundain, Dumberning, Hillside, Minigin, Narrogin, Narrogin Valley, Nomans Lake, Toolibin, Yilliminning",WA
6313,Highbury,WA
6315,"Arthur River, Ballaying, Cancanning, Collanilling, Dongolocking, Gundaring, Jaloran, Lime Lake, Minding, Piesseville, Wagin, Wedgecarrup",WA
6316,"Boyerine, Cartmeticup, Glencoe, Kenmare, Westwood, Woodanilling",WA
6317,"Badgebup, Bullock Hills, Carrolup, Coblinine, Coyrecup, Datatine, Ewlyamartup, Katanning, Marracoonda, Moojebing, Murdong, Pinwernying, South Datatine, South Glencoe",WA
6318,"Broomehill, Broomehill East, Broomehill Village, Broomehill West",WA
6320,"Bobalong, Borderdale, Dartnall, Lake Toolbrunup, Moonies Hill, Tambellup, Wansbrough",WA
6321,Cranbrook,WA
6322,Tenterden,WA
6323,Kendenup,WA
6324,"Denbarker, Forest Hill, Mount Barker, Perillup, Porongurup, South Stirling, Takalarup, Woogenellup",WA
6326,Narrikup,WA
6327,"Redmond, Redmond West",WA
6328,"Cape Riche, Cheynes, Gnowellen, Green Range, Kojaneerup South, Manypeaks, Mettler, Palmdale, Wellstead",WA
6330,"Bayonet Head, Big Grove, Centennial Park, Collingwood Park, Cuthbert, Emu Point, Green Valley, Kalgan, Kronkup, Little Grove, Lowlands, Mckail, Middleton Beach, Nanarup, Nullaki, Orana, Port Albany, Robinson, Sandpatch, Spencer Park, Torndirrup, Vancouver Peninsula, Willyung, Yakamia, Youngs Siding",WA
6333,"Bow Bridge, Denmark, Hay, Hazelvale, Kentdale, Kordabup, Mount Lindesay, Mount Romance, Nornalup, Ocean Beach, Parryville, Peaceful Bay, Scotsdale, Shadforth, Tingledale, Trent, William Bay",WA
6335,"Gnowangerup, Jackitup, Kebaringup, Pallinup",WA
6336,"Cowalellup, Mills Lake, Mindarabin, Needilup, Ongerup, Toompup",WA
6337,"Fitzgerald, Gairdner, Jacup, Jerramungup, West Fitzgerald",WA
6338,"Amelup, Borden, Boxwood Hill, Bremer Bay, Magitup, Monjebup, Nalyerlup, North Stirlings, Stirling Range National Park",WA
6341,Nyabing,WA
6343,Pingrup,WA
6346,"Fitzgerald River National Park, Jerdacuttup, Ravensthorpe, West River",WA
6348,Hopetoun,WA
6350,"Dumbleyung, Nairibin, Nippering",WA
6351,"Moulyinning, North Moulyinning",WA
6352,"Kukerin, Merilup, North Kukerin, South Kukerin",WA
6353,"Beenong, Buniche, Kuender, Lake Grace, Mallee Hill, Neendaling, North Burngup, North Lake Grace, South Lake Grace, Tarin Rock",WA
6355,"Dunn Rock, East Newdegate, Holt Rock, Lake Biddy, Lake Camm, Little Italy, Magenta, Mount Sheridan, Newdegate, South Newdegate, Varley",WA
6356,"Hatter Hill, Lake King, Mount Madden",WA
6357,Pingaring,WA
6358,Karlgarin,WA
6359,"Forrestania, Hyden",WA
6361,"Harrismith, Tincurrin",WA
6363,"Dudinin, Walyurin",WA
6365,"Jilakin, Jitarning, Kulin, Kulin West",WA
6367,Kondinin,WA
6368,South Kumminin,WA
6369,"Mount Walker, Narembeen, Wadderin, West Holleton, Woolocutty",WA
6370,"East Wickepin, Kirk Rock, Malyalling, Wickepin, Wogolin",WA
6372,Yealering,WA
6373,Bullaring,WA
6375,"Adamsvale, Bilbarin, Corrigin, Gorge Rock, Kunjin, Kurrenkutten",WA
6383,"Badjaling, Balkuling, Cubbine, Dangin, Doodenanning, Dulbelling, Mawson, Mount Stirling, Quairading, South Quairading, Wamenusking, Yoting",WA
6384,Pantapin,WA
6385,Kwolyin,WA
6386,Shackleton,WA
6390,"Bannister, Boddington, Crossman, Lower Hotham, Marradong, Mount Cooke, Mount Wells, North Bannister, Ranford, Upper Murray, Wuraming",WA
6391,"Boraning, Congelin, Culbin, Hillman River, Narrakine, Quindanning, Tarwonga, Williams",WA
6392,"Bokal, Boolading, Dardadine, Darkan, Meeking",WA
6393,"Cordering, Duranillin, Moodiarrup, Trigwell",WA
6394,"Beaufort River, Boilup, Boscabel, Changerup, Mokup, Muradup, Orchid Valley, Qualeup",WA
6395,"Cherry Tree Pool, Jingalup, Kojonup, Lumeah, Mobrup, Ryansbrook",WA
6396,"Frankland, Frankland River",WA
6397,Rocky Gully,WA
6398,"Broke, North Walpole, Walpole",WA
6401,"Buckland, Burlong, Cunjardine, Irishtown, Jennacubbine, Jennapullin, Malabaine, Meenaar, Mokine, Muluckine, Mumberkine, Muresk, Northam, Rossmore, Southern Brook, Spencers Brook, Throssell, Wongamine",WA
6403,Grass Valley,WA
6405,"Greenwoods Valley, Meckering, Quelagetting, Warding East",WA
6407,"Cunderdin, Waeel, Watercarrin, Wyola, Wyola West, Youndegin",WA
6409,"Doongin, North Tammin, South Tammin, Tammin, Yorkrakine",WA
6410,"Bungulla, Daadenning Creek, Kellerberrin, Mount Caroline, North Kellerberrin",WA
6411,"Doodlakine, South Doodlakine",WA
6412,"Baandee, North Baandee",WA
6413,Hines Hill,WA
6414,Nangeenan,WA
6415,"Goomarin, Korbel, Merredin, Nokaning, Norpa, Tandegin",WA
6418,"Bruce Rock, Yarding",WA
6419,Ardath,WA
6420,"Cramphorne, Muntadgin",WA
6421,"Burracoppin, South Burracoppin, Warralakin",WA
6422,Walgoolan,WA
6423,"Boodarockin, Carrabin, Warrachuppin, Westonia",WA
6424,"Bodallin, North Bodallin, South Bodallin",WA
6425,"Dulyalbin, Moorine Rock",WA
6426,"Corinthia, Ghooli, Holleton, Marvel Loch, Mount Hampton, Mount Holland, Mount Jackson, Mount Palmer, Parker Range, Skeleton Rock, South Yilgarn, Southern Cross, Turkey Hill, Yellowdine",WA
6428,Babakin,WA
6429,"Boorabbin, Bullabulling, Coolgardie, Karramindie, Londonderry, Mount Burges, Victoria Rock, Wallaroo",WA
6430,"Binduli, Broadwood, Hannans, Kalgoorlie, Karlkurla, Lamington, Mullingar, Piccadilly, Somerville, South Kalgoorlie, West Kalgoorlie, West Lamington, Williamstown, Yilkari",WA
6431,"Boorara, Brown Hill, Bulong, Emu Flat, Feysville, Kanowna, Kookynie, Kurnalpi, Lakewood, Ora Banda, Plumridge Lakes, Trafalgar, Warburton",WA
6432,"Boulder, Fimiston, South Boulder, Victory Heights",WA
6433,"Hannans, Hannans Po, Kalgoorlie, Kalgoorlie DC, Kalgoorlie Po",WA
6434,"Cundeelee, Forrest, Parkeston, Rawlinna, Zanthus",WA
6436,"Menzies, Ularring",WA
6437,"Leinster, Sir Samuel",WA
6438,"Lake Darlot, Leonora",WA
6440,"Bandya, Beadell, Burtville, Cosmo Newbery, Lake Wells, Laverton, Neale",WA
6442,"Kambalda, Kambalda East, Kambalda West",WA
6443,"Balladonia, Caiguna, Cocklebiddy, Dundas, Eucla, Fraser Range, Higginsville, Madura, Mundrabilla, Norseman, Widgiemooltha",WA
6445,"North Cascade, Salmon Gums",WA
6446,Grass Patch,WA
6447,"Lort River, Mount Ney, Scaddan, Wittenoom Hills",WA
6448,Gibson,WA
6450,"Bandy Creek, Beaumont, Boyatup, Cape Le Grand, Cascade, Castletown, Chadwick, Condingup, Coomalbidgup, Dalyup, East Munglinup, Esperance, Howick, Merivale, Monjingup, Munglinup, Myrup, Neridup, Nulsen, Pink Lake, Sinclair, West Beach, Windabout",WA
6452,"Buraminya, Cape Arid, Israelite Bay",WA
6460,"Goomalling, Hulongine, Karranadgin, Ucarty West, Walyormouring",WA
6461,"Dowerin, Koomberkine",WA
6462,"Hindmarsh, Minnivale, Ucarty",WA
6463,Benjaberring,WA
6465,Manmanning,WA
6466,Cadoux,WA
6467,Burakin,WA
6468,"Goodlands, Kalannie, Petrudor",WA
6470,Kulja,WA
6472,"Beacon, Bimbijy, Cleary, Karroun Hill, Mouroubra, Remlap, Tampu",WA
6473,"North Wialki, Wialki",WA
6475,"Badgerin Rock, Booralaming, Dukin, Koorda, Lake Margarette, Mollerin, Newcarlbeon",WA
6476,Gabbin,WA
6477,"Bencubbin, Welbungin",WA
6479,"Barbalin, Bonnie Rock, Dandanning, Elachbutting, Karloning, Lake Brown, Mukinbudin, Wattoning, Wilgoyne",WA
6480,Nukarni,WA
6484,"Bullfinch, Ennuin, Lake Deborah",WA
6485,"Cowcowing, Korrelocking, Nalkain, Nembudding, Wyalkatchem",WA
6487,"North Yelbeni, South Yelbeni, Yelbeni",WA
6488,"North Trayning, South Trayning, Trayning",WA
6489,"Kununoppin, North Kununoppin, South Kununoppin",WA
6490,"Burran Rock, Chandler, Elabbin, Kwelkan, Nungarin, Talgomine",WA
6501,Muchea,WA
6502,"Bindoon, Bindoon Training Area",WA
6503,"Bambun, Beermullah, Boonanarring, Breera, Coonabidgee, Cowalla, Cullalla, Gingin, Ginginup, Granville, Lennard Brook, Mindarra, Moondah, Moore River National Park, Muckenburra, Neergabby, Orange Springs, Red Gully, Wanerie, Yeal",WA
6504,Mooliabeenee,WA
6505,Wannamal,WA
6506,Mogumber,WA
6507,"Cataby, Cooljarloo, Dandaragan, Mimegarra, Regans Ford, Yathroo",WA
6509,"Glentromie, New Norcia, Waddington, Yarawindah",WA
6510,"Barberton, Berkshire Valley, Gillingarra, Koojan, Moora, Walebing",WA
6511,Cervantes,WA
6512,"Coomberdale, Namban",WA
6513,"Gunyidi, Watheroo",WA
6514,"Green Head, Leeman",WA
6515,"Coorow, Eganu, Marchagee, Waddy Forest",WA
6516,Jurien Bay,WA
6517,"Carnamah, Winchester",WA
6518,"Eneabba, Warradarge",WA
6519,"Arrino, Arrowsmith East, Dudawa, Kadathinni, Three Springs, Womarden",WA
6521,"Badgingarra, Boothendarra, Grey, Hill River, Nambung",WA
6522,"Bundanoon, Holmwood, Ikewa, Lockier, Mingenew, Mooriary, Mount Budd, Nangetty, Yandanooka, Yarragadee",WA
6525,"Allanooka, Arrowsmith, Bonniefield, Bookara, Dongara, Irwin, Milo, Mount Adams, Mount Horner, Port Denison, Springfield, Yardarino",WA
6528,"Mount Hill, South Greenough, Walkaway",WA
6530,"Beachlands, Beresford, Bluff Point, Geraldton, Houtman Abrolhos, Karloo, Mahomets Flats, Meru, Moresby, Mount Tarcoola, Rangeway, Spalding, Strathalbyn, Sunset Beach, Tarcoola Beach, Utakarra, Waggrakine, Wandina, Webberton, West End, Wonthella, Woorree",WA
6531,"Geraldton, Geraldton Po",WA
6532,"Ajana, Bootenal, Bringo, Dartmoor, Deepdale, Dindiloa, Drummond Cove, Eurardy, Georgina, Glenfield, Greenough, Hamelin Pool, Kojarena, Moonyoonooka, Nabawa, Naraling, Narngulu, Narra Tarra, Oakajee, Rockwell, Rudds Gully, White Peak, Wicherina, Yetna, Yuna",WA
6535,"Alma, Bowes, East Bowes, Gregory, Horrocks, Isseka, Northampton, Ogilvie, Sandy Gully, Yallabatharra",WA
6536,"Kalbarri, Kalbarri National Park, Zuytdorp",WA
6537,"Denham, Dirk Hartog Island, Francois Peron National Park, Monkey Mia, Nanga, Shark Bay, Useless Loop",WA
6556,"Beechina, Chidlow, Gorrie, Malmalling, The Lakes",WA
6558,Wooroloo,WA
6560,Wundowie,WA
6562,"Bakers Hill, Copley, Woottating",WA
6564,Clackline,WA
6566,"Bejoording, Carani, Coondle, Culham, Dumbarton, Hoddys Well, Katrine, Nunile, Toodyay, West Toodyay",WA
6567,"Dewars Pool, Julimar, Moondyne",WA
6568,"Bolgart, Wattening, Wyening",WA
6569,"Calingiri, Old Plains",WA
6571,Yerecoin,WA
6572,Piawaning,WA
6574,"Bindi Bindi, Gabalong",WA
6575,Miling,WA
6603,"Konnongorring, Lake Hinds, Lake Ninan, Mocardy, Wongan Hills",WA
6605,Kondut,WA
6606,"Ballidu, East Ballidu, West Ballidu",WA
6608,"East Damboring, Marne, Pithara",WA
6609,"Dalwallinu, Nugadong, Xantippe",WA
6612,"Jibberding, Miamoon, Paynes Find, Wubin",WA
6613,Buntine,WA
6614,Maya,WA
6616,Latham,WA
6620,"Perenjori, Rothsay",WA
6623,"Bowgada, Bunjil, Gutha, Koolanooka, Morawa, Pintharuka",WA
6625,Merkanooka,WA
6627,Canna,WA
6628,Tardun,WA
6630,"Devils Creek, Mullewa, Murchison, Nerramyne, Nunierra, West Casuarinas, Wongoondy, Woolgorong",WA
6631,Pindar,WA
6632,"Ambania, Tenindewa",WA
6635,"South Murchison, Yalgoo",WA
6638,"Cooladar Hill, Daggar Hills, Mount Magnet, Paynesville",WA
6639,Sandstone,WA
6640,"Cue, East Murchison, Lake Austin, Reedy, Weld Range",WA
6642,"Angelo River, Capricorn, Karalundi, Kumarina, Meekatharra, Peak Hill",WA
6646,"Lake Carnegie, Little Sandy Desert, Wiluna",WA
6701,"Babbage Island, Bernier Island, Carbla, Carnarvon, Coral Bay, Dorre Island, East Carnarvon, Gilroyd, Greys Plain, Inggarda, Kennedy Range, Kingsford, Lyndon, Massey Bay, Mauds Landing, Minilya, Ningaloo, North Plantations, South Carnarvon, South Plantations, Talisker, Woodleigh, Wooramel, Yalardy, Yandoo Creek",WA
6705,"East Lyons River, Gascoyne Junction, Gascoyne River, West Lyons River",WA
6707,"Cape Range National Park, Exmouth, Exmouth Gulf, Learmonth, North West Cape",WA
6710,"Cane, Onslow, Peedamulla, Talandji, Yannarie",WA
6711,Thevenard Island,WA
6713,"Dampier, Dampier Archipelago",WA
6714,"Antonymyre, Balla Balla, Baynton, Bulgarra, Burrup, Cleaverville, Cooya Pooya, Gap Ridge, Gnoorea, Karratha, Karratha Industrial Estate, Maitland, Mardie, Millars Well, Mount Anketell, Mulataga, Nickol, Pegs Creek, Sherlock, Stove Hill",WA
6716,"Fortescue, Hamersley Range, Millstream, Pannawonica",WA
6718,"Roebourne, Whim Creek",WA
6720,"Cossack, Point Samson, Wickham",WA
6721,"Indee, Mundabullangana, Pardoo, Port Hedland, Redbank, Strelley, Wallareenya, Wedgefield",WA
6722,"Boodarie, De Grey, Finucane, Pippingarra, South Hedland",WA
6725,"Bilingurr, Broome, Dampier Peninsula, Djugun, Eighty Mile Beach, Gingerah, Lagrange, Minyirr, Roebuck, Waterbank",WA
6726,Cable Beach,WA
6728,"Camballin, Derby, Geegully Creek, Kimbolton, King Leopold Ranges, Meda, St George Ranges, Willare",WA
6740,"Drysdale River, Kalumburu, Mitchell Plateau, Oombulgurri, Prince Regent River, Wyndham",WA
6743,"Cambridge Gulf, Durack, Gibb, Kununurra, Lake Argyle, Warmun",WA
6751,"Chichester, Innawanga, Juna Downs, Karijini, Mount Sheila, Mulga Downs, Nanutarra, Rocklea, Tom Price, Wittenoom",WA
6753,Newman,WA
6754,Paraburdoo,WA
6758,Nullagine,WA
6760,Marble Bar,WA
6765,"Fitzroy Crossing, Mount Hardman",WA
6770,"Halls Creek, Mcbeath, Mueller Ranges, Ord River, Purnululu, Sturt Creek, Tanami",WA
6798,Christmas Island,WA
6872,West Perth,WA
6912,Mosman Park,WA
6931,Maylands,WA
6943,Morley,WA
6959,Fremantle,WA
6982,Bentley,WA
7000,"Glebe, Hobart, Mount Stuart, North Hobart, Queens Domain, West Hobart",TAS
7004,"Battery Point, South Hobart",TAS
7005,"Dynnyrne, Lower Sandy Bay, Sandy Bay, University Of Tasmania",TAS
7007,"Mount Nelson, Tolmans Hill",TAS
7008,"Lenah Valley, New Town",TAS
7009,"Derwent Park, Lutana, Moonah, West Moonah",TAS
7010,"Dowsing Point, Elwick, Glenorchy, Goodwood, Montrose, Rosetta",TAS
7011,"Austins Ferry, Berriedale, Chigwell, Claremont",TAS
7012,"Collinsvale, Glenlusk",TAS
7015,"Geilston Bay, Lindisfarne, Rose Bay",TAS
7016,Risdon Vale,TAS
7017,"Grasstree Hill, Honeywood, Old Beach, Otago, Risdon, Tea Tree",TAS
7018,"Bellerive, Howrah, Montagu Bay, Mornington, Rosny, Rosny Park, Tranmere, Warrane",TAS
7019,"Clarendon Vale, Oakdowns, Rokeby",TAS
7020,"Clifton Beach, Sandford",TAS
7021,Lauderdale,TAS
7022,South Arm,TAS
7023,Opossum Bay,TAS
7024,Cremorne,TAS
7025,"Dulcot, Richmond",TAS
7026,Campania,TAS
7027,Colebrook,TAS
7030,"Apsley, Arthurs Lake, Bagdad, Bagdad North, Bothwell, Brighton, Cramps Bay, Elderslie, Flintstone, Gagebrook, Hermitage, Interlaken, Jericho, Lake Sorell, Liawenee, Lower Marshes, Melton Mowbray, Miena, Millers Bluff, Morass Bay, Pontville, Shannon, Steppes, Tods Corner, Wilburville",TAS
7050,"Kingston, Kingston Beach",TAS
7052,Blackmans Bay,TAS
7053,"Bonnet Hill, Taroona",TAS
7054,"Barretta, Coningham, Electrona, Fern Tree, Howden, Leslie Vale, Lower Snug, Margate, Neika, Ridgeway, Snug, Tinderbox, Wellington Park",TAS
7055,Huntingfield,TAS
7109,"Crabtree, Cradoc, Glaziers Bay, Glendevie, Grove, Hastings, Ida Bay, Judbury, Lonnavale, Lower Longley, Lower Wattle Grove, Lucaston, Lune River, Lymington, Mountain River, Petcheys Bay, Raminea, Ranelagh, Recherche, Southport, Southport Lagoon, Strathblane, Waterloo, Wattle Grove, Woodstock",TAS
7112,"Abels Bay, Charlotte Cove, Cygnet, Deep Bay, Eggs And Bacon Bay, Garden Island Creek, Gardners Bay, Nicholls Rivulet, Randalls Bay, Verona Sands",TAS
7113,Franklin,TAS
7116,"Brooks Bay, Cairns Bay, Castle Forbes Bay, Geeveston, Police Point, Port Huon, Surges Bay, Surveyors Bay",TAS
7117,Dover,TAS
7119,Stonor,TAS
7120,"Andover, Antill Ponds, Baden, Lemont, Levendale, Mount Seymour, Oatlands, Parattah, Pawtella, Rhyndaston, Stonehenge, Swanston, Tiberias, Tunbridge, Tunnack, Whitefoord, Woodbury, Woodsdale, York Plains",TAS
7139,Strathgordon,TAS
7140,"Black Hills, Bradys Lake, Bushy Park, Butlers Gorge, Derwent Bridge, Ellendale, Glenfern, Glenora, Hamilton, Lawitta, Macquarie Plains, Magra, Malbina, Maydena, Moogara, Osterley, Ouse, Plenty, Rosegarland, Sorell Creek, Strickland, Tyenna, Uxbridge, Wayatinah, Westerway",TAS
7150,"Adventure Bay, Allens Rivulet, Alonnah, Apollo Bay, Barnes Bay, Dennes Point, Gordon, Great Bay, Kaoota, Killora, Longley, Lunawanna, North Bruny, Oyster Cove, Pelverata, Sandfly, Simpsons Bay, South Bruny, Upper Woodstock",TAS
7155,Kettering,TAS
7162,"Birchs Bay, Woodbridge",TAS
7163,"Flowerpot, Middleton",TAS
7170,"Acton Park, Cambridge, Mount Rumney, Roches Beach, Seven Mile Beach",TAS
7171,"Midway Point, Penna",TAS
7172,"Nugent, Orielton, Pawleena, Sorell, Wattle Hill",TAS
7173,"Carlton, Carlton River, Connellys Marsh, Dodges Ferry, Forcett, Lewisham, Primrose Sands",TAS
7174,Copping,TAS
7175,"Bream Creek, Marion Bay",TAS
7176,Kellevie,TAS
7177,"Boomer Bay, Dunalley",TAS
7178,Murdunna,TAS
7179,Eaglehawk Neck,TAS
7180,Taranna,TAS
7182,"Cape Pillar, Fortescue, Port Arthur",TAS
7183,Highcroft,TAS
7184,"Cape Raoul, Nubeena, Stormlea, White Beach",TAS
7185,Premaydena,TAS
7186,"Saltwater River, Sloping Main",TAS
7187,Koonya,TAS
7190,"Apslawn, Buckland, Cranbrook, Dolphin Sands, Little Swanport, Maria Island, Orford, Pontypool, Rheban, Rocky Hills, Runnymede, Spring Beach, Swansea, Triabunna",TAS
7209,"Ross, Tooms Lake",TAS
7210,"Campbell Town, Lake Leake",TAS
7211,"Cleveland, Conara, Epping Forest",TAS
7212,"Ben Lomond, Blessington, Burns Creek, Deddington, Evandale, Nile, Upper Blessington, Western Junction",TAS
7213,"Avoca, Rossarden, Royal George",TAS
7214,"Fingal, Mangana, Mathinna, Upper Esk",TAS
7215,"Beaumaris, Bicheno, Chain Of Lagoons, Coles Bay, Cornwall, Douglas River, Douglas-Apsley, Falmouth, Four Mile Creek, Freycinet, Friendly Beaches, Gray, Scamander, Seymour, St Marys, Upper Scamander",TAS
7216,"Akaroa, Ansons Bay, Binalong Bay, Goshen, Goulds Country, Lottah, Pyengana, St Helens, Stieglitz, The Gardens",TAS
7248,"Invermay, Mayfield, Mowbray, Newnham, Rocherlea",TAS
7249,"Glen Dhu, Kings Meadows, Punchbowl, South Launceston, Youngtown",TAS
7250,"Blackstone Heights, East Launceston, Launceston, Newstead, Norwood, Prospect, Prospect Vale, Ravenswood, Riverside, St Leonards, Summerhill, Travellers Rest, Trevallyn, Waverley, West Launceston",TAS
7252,"Beechford, Dilston, Hillwood, Lefroy, Lulworth, Mount Direction, Pipers River, Stony Head, Swan Bay, Weymouth, Windermere",TAS
7253,"Bell Bay, George Town, Long Reach, Low Head",TAS
7254,"Bellingham, Golconda, Lebrina, Pipers Brook, Retreat, Tunnel, Wyena",TAS
7255,"Blue Rocks, Emita, Killiecrankie, Lackrana, Lady Barron, Leeka, Loccota, Lughrata, Memana, Palana, Ranga, Strzelecki, Whitemark, Wingaroo",TAS
7256,"Bungaree, Currie, Egg Lagoon, Grassy, Loorana, Lymwood, Naracoopa, Nugara, Pearshape, Pegarah, Reekara, Sea Elephant, Surprise Bay, Wickham, Yambacoona, Yarra Creek",TAS
7257,Cape Barren Island,TAS
7258,"Breadalbane, Relbia, White Hills",TAS
7259,"Myrtle Bank, Nunamara, Patersonia, Targa, Tayene",TAS
7260,"Blumont, Cuckoo, Forester, Jetsonville, Kamona, Lietinna, Lisle, Nabowla, North Scottsdale, Scottsdale, South Springfield, Springfield, Tonganah, Tulendeena, West Scottsdale",TAS
7261,"Branxholm, Warrentinna",TAS
7262,"Bridport, Tomahawk, Waterhouse",TAS
7263,"Alberton, Legerwood, Ringarooma, Talawa, Trenah",TAS
7264,"Ansons Bay, Boobyalla, Cape Portland, Derby, Eddystone, Gladstone, Herrick, Moorina, Mount William, Musselroe Bay, Pioneer, Rushy Lagoon, South Mount Cameron, Telita, Weldborough",TAS
7265,"Banca, Winnaleah",TAS
7267,"Bangor, Karoola, Lalla, Lower Turners Marsh, Turners Marsh",TAS
7268,"Lilydale, North Lilydale, Underwood",TAS
7270,"Badger Head, Beaconsfield, Beauty Point, Clarence Point, Flowery Gully, Greens Beach, Kayena, Kelso, Rowella, Sidmouth, York Town",TAS
7275,"Blackwall, Deviot, Exeter, Frankford, Glengarry, Holwell, Lanena, Loira, Notley Hills, Robigana, Swan Point, Winkleigh",TAS
7276,Gravelly Beach,TAS
7277,"Bridgenorth, Grindelwald, Legana, Rosevears",TAS
7290,Hadspen,TAS
7291,Carrick,TAS
7292,"Hagley, Quamby Bend, Rosevale, Selbourne, Westwood",TAS
7300,"Devon Hills, Perth, Powranna",TAS
7301,"Bishopsbourne, Blackwood Creek, Liffey, Longford, Toiberry",TAS
7302,"Bracknell, Cressy, Poatina",TAS
7303,"Birralee, Cluan, Exton, Oaks, Osmaston, Westbury, Whitemore",TAS
7304,"Brandum, Breona, Caveside, Central Plateau, Chudleigh, Dairy Plains, Deloraine, Doctors Point, Dunorlan, Elizabeth Town, Golden Valley, Kimberley, Liena, Mayberry, Meander, Mersey Forest, Mole Creek, Moltema, Montana, Parkham, Red Hills, Reynolds Neck, Walls Of Jerusalem, Weetah, Western Creek",TAS
7305,"Merseylea, Railton, Sunnyside",TAS
7306,"Acacia Hills, Barrington, Beulah, Cethana, Claude Road, Cradle Mountain, Gowrie Park, Lorinna, Lower Barrington, Lower Beulah, Middlesex, Mount Roland, Nook, Nowhere Else, Paradise, Promised Land, Roland, Sheffield, Staverton, Stoodley, West Kentish",TAS
7307,"Bakers Beach, Harford, Hawley Beach, Latrobe, Moriarty, Northdown, Port Sorell, Sassafras, Shearwater, Squeaking Point, Thirlstane, Wesley Vale",TAS
7310,"Aberdeen, Ambleside, Devonport, Don, East Devonport, Erriba, Eugenana, Forth, Forthside, Kindred, Lillico, Lower Wilmot, Melrose, Miandetta, Moina, Paloona, Quoiba, South Spreyton, Spreyton, Stony Rise, Tarleton, Tugrah, West Devonport, Wilmot",TAS
7315,"Abbotsham, Castra, Gawler, Gunns Plains, Leith, Loongana, Nietta, North Motton, Preston, South Nietta, South Preston, Spalford, Sprent, Turners Beach, Ulverstone, Upper Castra, West Ulverstone",TAS
7316,"Camena, Cuprona, Heybridge, Howth, Loyetea, Penguin, Preservation Bay, Riana, South Riana, Sulphur Creek, West Pine",TAS
7320,"Acton, Brooklyn, Burnie, Camdale, Cooee, Downlands, Emu Heights, Havenview, Hillcrest, Montello, Ocean Vista, Park Grove, Parklands, Romaine, Round Hill, Shorewell Park, South Burnie, Upper Burnie, Wivenhoe",TAS
7321,"Black River, Boat Harbour Beach, Chasm Creek, Corinna, Cowrie Point, Crayfish Creek, Detention, East Cam, East Ridgley, Edgcumbe Beach, Hellyer, Highclere, Luina, Mawbanna, Mooreville, Port Latta, Ridgley, Rocky Cape, Savage River, Tullah, Upper Natone, Upper Stowport, West Mooreville, West Ridgley, Wiltshire",TAS
7322,Somerset,TAS
7325,"Calder, Doctors Rocks, Elliott, Flowerdale, Henrietta, Lapoinya, Meunna, Milabena, Moorleah, Mount Hicks, Myalla, Oldina, Oonah, Preolenna, Seabrook, Sisters Creek, Table Cape, Takone, West Takone, Wynyard, Yolla",TAS
7330,"Alcomie, Arthur River, Brittons Swamp, Broadmeadows, Christmas Hills, Couta Rocks, Edith Creek, Forest, Irishtown, Marrawah, Mella, Mengha, Montagu, Nelson Bay, Redpa, Roger River, Scopus, Scotchtown, South Forest, Temma, Three Hummock Island, Togari, Trowutta, West Montagu, Woolnorth",TAS
7331,Stanley,TAS
7466,Gormanston,TAS
7467,"Lake Margaret, Queenstown",TAS
7468,"Macquarie Heads, Strahan",TAS
7469,"Granville Harbour, Renison Bell, Trial Harbour, Zeehan",TAS
7470,Rosebery,TAS
800,Darwin,NT
801,Darwin,NT
803,Wagait Beach,NT
810,"Alawa, Brinkin, Casuarina, Coconut Grove, Jingili, Lee Point, Lyons, Millner, Moil, Muirhead, Nakara, Nightcliff, Rapid Creek, Tiwi, Wagaman, Wanguri",NT
811,Casuarina,NT
812,"Anula, Buffalo Creek, Holmes, Karama, Leanyer, Malak, Marrara, Sanderson, Woodleigh Gardens, Wulagi",NT
813,"Karama, Sanderson",NT
815,Charles Darwin University,NT
820,"Bagot, Bayview, Charles Darwin, Coonawarra, Darwin DC, Darwin International Airport, East Point, Eaton, Fannie Bay, Larrakeyah, Ludmilla, Parap, Stuart Park, The Gardens, The Narrows, Winnellie, Woolner",NT
821,Winnellie,NT
822,"Annie River, Blackmore, Burrundie, Croker Island, Darwin River Dam, Douglas-Daly, East Arm, East Arnhem, Finniss Valley, Galiwinku, Gunbalanya, Gunn Point, Kakadu, Lake Bennett, Mandorah, Milyakburra, Nemarluk, Oenpelli, Peppimenarti, Sandpalms Roadhouse, Thamarrurr, Tortilla Flats, Wadeye, Weddell, Wishart",NT
828,"Berrimah, Knuckey Lagoon",NT
829,"Holtze, Pinelands",NT
830,"Archer, Driver, Durack, Farrar, Gray, Marlow Lagoon, Moulden, Palmerston, Shoal Bay, Woodroffe, Yarrawonga",NT
831,Palmerston,NT
832,"Bakewell, Bellamack, Gunn, Johnston, Mitchell, Rosebery, Rosebery Heights, Zuccoli",NT
834,Virginia,NT
835,"Coolalinga, Howard Springs, Virginia",NT
836,"Girraween, Herbert, Humpty Doo",NT
837,"Manton, Noonamah",NT
838,Berry Springs,NT
839,Coolalinga,NT
840,"Dundee Beach, Dundee Downs, Dundee Forest",NT
841,Darwin River,NT
845,Batchelor,NT
846,Adelaide River,NT
847,Pine Creek,NT
850,"Cossack, Emungalan, Katherine, Katherine East, Katherine South, Lansdowne",NT
851,Katherine,NT
852,"Baines, Beswick Creek, Birdum, Creswell, Delamere, Edith, Elsey, Florina, Flying Fox, Gregory, Gulung Mardrulk, Gurindji, Helen Springs Station, Kalkarindji, Limmen, Manbulloo, Mcarthur, Miniyeri, Nitmiluk, Pellew Islands, Pigeon Hole, Sturt Plateau, Warumungu, Wave Hill, Wilton",NT
853,"Tindal, Tindal Raaf",NT
854,"Borroloola, King Ash Bay",NT
860,Tennant Creek,NT
861,Tennant Creek,NT
862,"Calvert, Elliott, Newcastle Waters, Nicholson, Pamayu, Renner Springs, Tablelands, Tennant Creek, Warrego",NT
870,"Alice Springs, Araluen, Arumbera, Braitling, Ciccone, Connellan, Desert Springs, East Side, Gillen, Ilparpa, Irlpme, Mount Johns, Ross, Sadadeen, Stuart, The Gap, Undoolya, White Gums",NT
871,Alice Springs,NT
872,"Barrow Creek, Engawala, Ernabella, Fregon, Gibson Desert North, Gibson Desert South, Indulkana, Kintore, Kiwirrkurra, Laramba, Mimili, Napperby Station, Ngaanyatjarra-Giles, Nyapari, Nyirripi, Patjarr, Tara, Tjirrkarli, Tjukurla, Wallace Rockhole, Wannan, Willowra, Wilora, Wingellina, Yuendumu",WA
873,Heavitree Gap Cpa,NT
874,(Suburb data unavailable),(Unknown)
875,"Flynn, Larapinta",NT
880,"Gapuwiyak, Gunyangara, Nhulunbuy, Yirrkala",NT
881,Nhulunbuy,NT
885,Alyangula,NT
886,Jabiru,NT
