postcode,latitude,longitude
"0800",-12.461860015472247,130.84373723093344
"0810",-12.369772248700256,130.87665186285423
"0812",-12.377661790946108,130.91450175757024
"0820",-12.423396342594923,130.8649753316065
"0822",-13.020916476198972,132.88371988734673
"0828",-12.42825506875835,130.93958540410426
"0829",-12.449220085052334,131.0018472583242
"0830",-12.387077983404637,131.0404063289677
"0832",-12.51269187638961,130.996825484889
"0834",-12.546843444693874,131.02350891564046
"0835",-12.471559940634421,131.0619499998307
"0836",-12.560294216474503,131.13103437358126
"0837",-12.754515118478952,131.15033654847983
"0838",-12.718825403946786,131.00697286339465
"0839",-12.51998139570691,131.04017599034702
"0840",-12.732856233803453,130.44341014412774
"0841",-12.819286834375218,130.96975200882005
"0845",-13.089705841893716,131.05737421714628
"0846",-13.167853126298672,131.1557956285378
"0847",-13.82356056001177,131.8262008900948
"0850",-14.440668780507803,132.27106565493324
"0852",-16.828574098647557,132.80954783541284
"0853",-14.531214072136375,132.37927845295647
"0854",-16.07032859062262,136.30866687076556
"0860",-19.654786337625282,134.1870774173716
"0862",-18.07520420071146,135.83570540591896
"0870",-23.71559665024796,133.83031366719115
"0872",-23.670606478679396,131.25830775175572
"0873",-23.77577547077453,133.8551140324578
"0874",-23.671655589381235,133.8886934640942
"0875",-23.696875033977594,133.8333394704589
"0880",-12.246116763360021,136.64584246933453
"0885",-13.850807498967377,136.4200852738421
"0886",-12.669358300709446,132.8370101900651
"2000",-33.8683837718929,151.2082196508253
"2007",-33.880239612534204,151.1979580040222
"2008",-33.88829983442237,151.19669280723068
"2009",-33.869006474449826,151.1935244655474
"2010",-33.88256662588403,151.2149241933482
"2011",-33.86995013926866,151.22451477803108
"2015",-33.90811844295024,151.19304694515992
"2016",-33.893087743031685,151.20659412815482
"2017",-33.9030183370794,151.20778674919964
"2018",-33.924917683119695,151.20868703608596
"2019",-33.95343206638034,151.20750355805953
"2020",-33.94014618888482,151.18198535389126
"2021",-33.893013191864625,151.2282168365181
"2022",-33.89585891169138,151.24924554054581
"2023",-33.88084484889327,151.25562917619988
"2024",-33.9032971338658,151.2614345265732
"2025",-33.886988785668024,151.2438718849574
"2026",-33.88963406695197,151.2724790265895
"2027",-33.87244784028099,151.2410815257321
"2028",-33.8778102051919,151.24380935380032
"2029",-33.873915432447305,151.26892698440804
"2030",-33.85739000935814,151.27843546704878
"2031",-33.91498888021844,151.24389556935253
"2032",-33.92593356120337,151.22842641105845
"2033",-33.91341196468919,151.22075694305192
"2034",-33.92447538749719,151.25451808820105
"2035",-33.942384638897664,151.23698925548575
"2036",-33.970883999238424,151.23896220658133
"2037",-33.878766669169046,151.18528241486035
"2038",-33.88082055809308,151.17137441295534
"2039",-33.865069066730904,151.17334504620874
"2040",-33.87722582700607,151.15759301879152
"2041",-33.85641034916336,151.18237361108427
"2042",-33.89892644472264,151.17749961153066
"2043",-33.90255871634974,151.18575949246735
"2044",-33.92033505651664,151.16939089120174
"2045",-33.87791610687544,151.14000890960074
"2046",-33.860879376811035,151.13213607501595
"2047",-33.85256507699301,151.15298375223318
"2048",-33.89300720388516,151.1659861146866
"2049",-33.89477661349126,151.15225248343592
"2050",-33.88846182827309,151.18182060494652
"2060",-33.838969808056845,151.20504027974664
"2061",-33.84752233710578,151.21449318080735
"2062",-33.82217402306268,151.2142714335584
"2063",-33.81082559932446,151.2180343513555
"2064",-33.81094066544116,151.18600763166302
"2065",-33.825923416776334,151.19417115453726
"2066",-33.81635971599963,151.16193246120815
"2067",-33.796165903872414,151.1778909770046
"2068",-33.79974783024458,151.20823268671165
"2069",-33.78270785189072,151.19515162654343
"2070",-33.77608265799271,151.17001556294466
"2071",-33.76284017567564,151.16706476209646
"2072",-33.75567799044306,151.1534147808063
"2073",-33.75159424949551,151.13664701862947
"2074",-33.711762135192764,151.13852597966246
"2075",-33.720853068082285,151.1708359873493
"2076",-33.71618254422476,151.11594797494462
"2077",-33.678401736614326,151.1015416783474
"2079",-33.66710003264501,151.12723230576128
"2080",-33.64632268076846,151.13541764927638
"2081",-33.57987099713921,151.16416621174415
"2082",-33.59580618408274,151.13585668530624
"2083",-33.55917280909151,151.19716875155058
"2084",-33.64374757328433,151.23072451943466
"2085",-33.72489846354856,151.2080227161806
"2086",-33.74815002577425,151.22358763864892
"2087",-33.76649445948612,151.21580118285607
"2088",-33.82906902196956,151.24464055453316
"2089",-33.83590613599813,151.21873797657483
"2090",-33.82985072954182,151.22644124193718
"2092",-33.79208383310557,151.24189396205662
"2093",-33.79459694501644,151.26155439674926
"2094",-33.79405523826278,151.27396694410547
"2095",-33.80491764049334,151.29126168708726
"2096",-33.774082667198115,151.28631279124113
"2097",-33.734343229292925,151.29462915225153
"2099",-33.738029228792286,151.26570560076604
"2100",-33.763828304671286,151.25611381284227
"2101",-33.69669512448882,151.26632851081382
"2102",-33.68873485322942,151.29535587838672
"2103",-33.67597170590519,151.30387804462293
"2104",-33.66196126583226,151.2895484194388
"2105",-33.64081656859875,151.28383905432975
"2106",-33.656546510731374,151.31533096615829
"2107",-33.632120515905875,151.32418721641287
"2108",-33.59819530960152,151.32354786691272
"2110",-33.83246958869092,151.14991383223997
"2111",-33.83037026944068,151.12815014880346
"2112",-33.81195951590417,151.10991662470187
"2113",-33.78935132686328,151.12883504439623
"2114",-33.807620805681815,151.0830788287055
"2115",-33.81157079667399,151.05989951171702
"2116",-33.81261060295438,151.03999452836607
"2117",-33.79589076041068,151.040128588545
"2118",-33.77573845030281,151.0453856820017
"2119",-33.75391898346657,151.0652904590162
"2120",-33.72692437332538,151.07560944798416
"2121",-33.76920220013231,151.08079405923223
"2122",-33.783252288704404,151.09284322996638
"2125",-33.748309868250324,151.03339873491484
"2126",-33.72195449893213,151.04612326638664
"2127",-33.83877083566237,151.06798466047553
"2128",-33.83422025846275,151.04626023380504
"2130",-33.89268527228511,151.13713296050383
"2131",-33.88869869306403,151.12620112828677
"2132",-33.88032141931155,151.11551587660284
"2133",-33.89719438733948,151.1030489965799
"2134",-33.878078889370514,151.10381666960438
"2135",-33.878481969199115,151.0818046607411
"2136",-33.8937051911995,151.0827825512752
"2137",-33.854936983261105,151.10334860351736
"2138",-33.8394264462951,151.08990117345056
"2140",-33.86274498993445,151.07520941576539
"2141",-33.86730470791523,151.04743591450438
"2142",-33.83533956139707,151.0182549977228
"2143",-33.88828641974195,151.02630480908118
"2144",-33.85468695739709,151.02620831540813
"2145",-33.81488711559109,150.9520194780769
"2146",-33.78981706836833,150.95315861927938
"2147",-33.76796562085503,150.9366438964012
"2148",-33.784913740105814,150.89922052897901
"2150",-33.81497316836709,151.00666889481082
"2151",-33.78373003602282,151.0145976136887
"2152",-33.787301024335804,150.99414874032252
"2153",-33.75428144313642,150.97485467179223
"2154",-33.72788658458713,150.99988049641684
"2155",-33.69078034859029,150.9350363640377
"2156",-33.652501064426026,150.9716344600588
"2157",-33.540382709679015,151.03125285557212
"2158",-33.675506425821496,151.0357791326461
"2159",-33.588845514273586,151.08013843917033
"2160",-33.836248083804215,150.9827951433082
"2161",-33.857309845549544,150.98105772047515
"2162",-33.88163422640991,151.00299124491926
"2163",-33.886702645513026,150.9782395750904
"2164",-33.84519678218592,150.91731906396632
"2165",-33.870457533229015,150.94640713083987
"2166",-33.893082082774576,150.93787777189206
"2167",-33.97146317198926,150.89354303446294
"2168",-33.91351272699569,150.87655716157317
"2170",-33.93350593318155,150.9187320566729
"2171",-33.91565087830976,150.84146082257777
"2172",-33.965272829109885,150.98036882945757
"2173",-34.06710208913102,150.91417147426662
"2174",-33.962677310088516,150.85760910821196
"2175",-33.840219908092365,150.8477362625215
"2176",-33.87092713870981,150.88409305634116
"2177",-33.892571534227635,150.88116018352883
"2178",-33.87021425505441,150.79991013632187
"2179",-33.952142534127255,150.80159469242406
"2190",-33.90072878932109,151.05575510704344
"2191",-33.904411624077824,151.0858510142103
"2192",-33.919001931025775,151.08935638798593
"2193",-33.908710461081625,151.1204257875495
"2194",-33.91250659409228,151.10279469810243
"2195",-33.92103038074324,151.07297125466994
"2196",-33.93049500385003,151.0607318373749
"2197",-33.89921022502778,150.99634746507817
"2198",-33.90891270831368,150.98811726126345
"2199",-33.90469716783305,151.02032015944712
"2200",-33.922219338043426,151.01440553875716
"2203",-33.90410486087057,151.1395916435525
"2204",-33.91124926088321,151.15557623064174
"2205",-33.93675343692659,151.147605649575
"2206",-33.92478088696502,151.12597943657843
"2207",-33.94749083719653,151.12093058677996
"2208",-33.93934975054463,151.09926253727332
"2209",-33.94722917193708,151.07699782229673
"2210",-33.962335380579304,151.05233702056876
"2211",-33.955630922752945,151.03235972669083
"2212",-33.94919250272869,151.01388411456884
"2213",-33.96237524874291,150.999289799236
"2214",-33.9388368430949,150.981487861616
"2216",-33.953084604338194,151.1472561933628
"2217",-33.97362968756276,151.13738006101931
"2218",-33.97121744658149,151.11973605352466
"2219",-33.99449534310862,151.1356119813842
"2220",-33.96457010052338,151.0994034441159
"2221",-33.98647507766625,151.1063262904595
"2222",-33.96393226577751,151.08611832304942
"2223",-33.97733350957495,151.0735860661668
"2224",-34.01423720731244,151.10221543711586
"2225",-34.00375360546526,151.08025243333552
"2226",-34.01083113593461,151.0623970792309
"2227",-34.041938266644486,151.08621430011763
"2228",-34.036060778658744,151.10323031760572
"2229",-34.044514540006595,151.12242010079086
"2230",-34.057610561875926,151.14701941990342
"2231",-34.023163134387296,151.19517822483925
"2232",-34.10419350377726,151.06716084250056
"2233",-34.088611926372145,150.99272612698806
"2234",-34.017219796742786,151.0061809436647
"2250",-33.317056427869325,151.21341456420623
"2251",-33.4755584389206,151.39608556962605
"2256",-33.50809071147893,151.2718589053435
"2257",-33.51695134873301,151.35713777772906
"2258",-33.31668019917519,151.33871582927665
"2259",-33.18650185791351,151.3793427849016
"2260",-33.42845824495472,151.43682888712874
"2261",-33.354338806009366,151.46021879192736
"2262",-33.20831160675901,151.53661944426491
"2263",-33.253503547800236,151.52483949250137
"2264",-33.1110610821742,151.47008374774768
"2265",-33.05065110174248,151.42917162700437
"2267",-33.070108839006984,151.584604493899
"2278",-32.94612893631821,151.55090323655926
"2280",-33.02562927840424,151.66577577825385
"2281",-33.11936492147126,151.63053860482896
"2282",-32.98001868383761,151.65055810734782
"2283",-33.01708128851038,151.56611818655063
"2284",-32.95399622507573,151.60933864703583
"2285",-32.923400726999276,151.63211347151403
"2286",-32.8974434089973,151.56845342174952
"2287",-32.891631217087024,151.65125269284835
"2289",-32.94503148660218,151.70580449261365
"2290",-32.98281045930973,151.69967670532353
"2291",-32.947330865008844,151.74330825228873
"2292",-32.92196329498517,151.73495903860578
"2293",-32.91571546387186,151.75629066279964
"2294",-32.91180964303868,151.7662876296504
"2295",-32.874596718055024,151.80629505343703
"2296",-32.91386706751425,151.74739491681294
"2297",-32.90730072952584,151.75081070165055
"2298",-32.90376227231424,151.72087841803008
"2299",-32.90857280323055,151.70247333073505
"2300",-32.93125409645619,151.77602666958887
"2302",-32.928416879658634,151.76091247759996
"2303",-32.92737502575549,151.7474019298642
"2304",-32.872211263253284,151.7387362151175
"2305",-32.927224342324315,151.70345780100078
"2306",-32.99251236193325,151.68094575578843
"2307",-32.87882123638018,151.69105218823665
"2308",-32.892034427591625,151.70531997310158
"2311",-32.26850717561349,151.4749557815878
"2312",-32.128329031684565,152.39033950399713
"2315",-32.73755462088287,152.14826227455129
"2316",-32.77122419903111,152.04172469587175
"2317",-32.72994286243417,152.08719089418219
"2318",-32.76030474484364,151.86522553728403
"2319",-32.74439008780369,152.00072954104277
"2320",-32.7081827423461,151.46253224735824
"2321",-32.6213260027539,151.68965169455927
"2322",-32.82059466173044,151.65114559772974
"2323",-32.885656272265905,151.5105935526589
"2324",-32.65521256240174,151.92589208467143
"2325",-32.95406665806606,151.14806092456945
"2326",-32.78588875296503,151.45310722446212
"2327",-32.82956242338916,151.48155420611846
"2328",-32.531380904256366,150.51247862067277
"2329",-32.05855535753358,150.18106606967072
"2330",-32.659229068319476,150.91183243288003
"2331",-32.69658532200409,151.1831677098716
"2333",-32.349408324863056,150.68516168113737
"2334",-32.688987973668056,151.3867155428366
"2335",-32.616437199326874,151.3714259053063
"2336",-32.084872451681605,150.976644403831
"2337",-31.90377107981974,151.08339633550455
"2338",-31.70363224183227,150.9848785908762
"2339",-31.736304778640516,150.5240388656328
"2340",-31.235804260967406,150.97456730719102
"2341",-31.351772196188808,150.6243196255286
"2342",-31.184995488921796,150.59810118086975
"2343",-31.5220072801079,150.3822110610104
"2344",-31.148420998711572,150.75026341431482
"2345",-30.90026920615226,150.83872464110092
"2346",-30.688077155146647,150.76050938647253
"2347",-30.318640176271337,150.55951410504667
"2350",-30.46494364440712,151.90021425249978
"2352",-31.087205329115104,151.15845832097725
"2353",-30.949533032210006,151.0480996393965
"2354",-31.14930887567634,151.73404135262098
"2355",-30.747154915618736,151.1145066124817
"2356",-30.565342334532136,148.9760564591165
"2357",-31.21168960270752,149.36000057182252
"2358",-30.584717773128073,151.37352250734514
"2359",-30.17568437144896,151.01131066845292
"2360",-29.65027477845678,151.1083923917964
"2361",-29.215302699189646,151.1609400651187
"2365",-30.093079827055867,151.6999722296897
"2369",-29.94982715902466,151.2312357870244
"2370",-29.685563719420163,151.97031765859478
"2371",-29.373980290405196,151.68274081552354
"2372",-29.032100995944948,152.02674202754866
"2379",-31.10618208236101,149.79115683884902
"2380",-30.927265068886996,150.1859014805802
"2381",-31.32350835585766,150.06949806747298
"2382",-30.66002766796839,150.097147131838
"2386",-30.059572329807917,148.93441681443912
"2387",-29.754171848887868,148.9457372108977
"2388",-30.436806027664137,149.2769717957179
"2390",-30.24504211697468,149.91326582989421
"2395",-31.55962899278496,149.4818121053427
"2396",-30.905678002145944,149.02567071086486
"2397",-29.885908183976102,149.64946695963798
"2398",-29.732259147988326,149.81994155748376
"2399",-29.464227846660183,150.1603633967019
"2400",-29.37649963667751,149.6757145813672
"2401",-29.630880103665444,150.32362413232715
"2402",-29.411624015873034,150.55301058844827
"2403",-29.62572876124604,150.77063085823343
"2404",-29.919276215286292,150.5714903688794
"2405",-28.90711973958066,149.6227578950795
"2406",-28.982859168421992,149.01806201639843
"2408",-29.01107084139557,150.48158425594585
"2409",-28.712314152363067,150.2454941527596
"2410",-28.94401976556753,150.77511674876823
"2411",-29.107326939963144,150.31130574831548
"2415",-32.245037184641276,151.82749453718395
"2420",-32.32577007373909,151.68579405975584
"2421",-32.53965429912963,151.55097262624068
"2422",-31.929809407924285,151.81915526981592
"2423",-32.373659020211974,152.25907036005603
"2424",-31.656468681488803,152.00927431523587
"2425",-32.45028708005758,152.0065689007984
"2426",-31.821052829614626,152.58327947190173
"2427",-31.859632289369898,152.67651741964386
"2428",-32.25462574644675,152.47772664581748
"2429",-31.796761660513948,152.26094291881762
"2430",-31.899961338389357,152.48278490012748
"2431",-30.91445140717514,153.04935514403093
"2439",-31.611713475467592,152.65215032454523
"2440",-30.919669589551173,152.5697875018501
"2441",-31.10409144143532,152.74761465527047
"2443",-31.73274952797525,152.69662860050985
"2444",-31.388466577264857,152.87908510426436
"2445",-31.580752476035283,152.80931543816018
"2446",-31.38828569860398,152.43525036619334
"2447",-30.72764140592178,152.7849646677905
"2448",-30.59866826946436,152.9639171530908
"2449",-30.610045800990406,152.71409710140324
"2450",-30.20238856738717,152.99641960190118
"2452",-30.356207077747165,153.08711181124033
"2453",-30.250197981223444,152.5445987851557
"2454",-30.458011179956927,152.73468993766087
"2455",-30.515286947899288,152.99167552148913
"2456",-30.068760182558844,153.153898750166
"2460",-29.64373725289085,152.7436412105858
"2462",-29.701929563239243,153.15364841305234
"2463",-29.471910832457606,153.21524058258134
"2464",-29.488284609554164,153.32766514301764
"2465",-29.413755090374934,153.2471947805059
"2466",-29.393010005817747,153.35830160112513
"2469",-28.97201263864908,152.74054412332288
"2470",-28.878163117804885,152.9618083232653
"2471",-29.02305884172935,153.2098281649532
"2472",-29.15140775704468,153.3260249825916
"2473",-29.10495709359747,153.4087736720412
"2474",-28.500929496391215,152.91760857545648
"2475",-28.527465026821996,152.43235200398695
"2476",-28.417646516551223,152.44204875186873
"2477",-28.889049862192497,153.43637965457643
"2478",-28.846996068160895,153.5319315203456
"2479",-28.705176684454706,153.5146404208368
"2480",-28.727836915490492,153.26167733949768
"2481",-28.64607432856287,153.5597933612779
"2482",-28.5487732476861,153.4275488320005
"2483",-28.46885897357895,153.4948695659143
"2484",-28.376673300108177,153.30702879696872
"2485",-28.18127854958173,153.51297921100033
"2486",-28.217272681088122,153.47376649672518
"2487",-28.274658995288583,153.54273263890815
"2488",-28.333703678238486,153.55146841035366
"2489",-28.3842934494775,153.55981944752088
"2490",-28.269413000333984,153.4732467757987
"2500",-34.42102249543512,150.8738234354627
"2502",-34.49041604510078,150.87702726206982
"2505",-34.47169066685191,150.89495698086205
"2506",-34.47870436777453,150.84322248735245
"2508",-34.19030739895218,150.9526476223889
"2515",-34.29501076457561,150.9332899855522
"2516",-34.33035316836273,150.9017965708747
"2517",-34.34885462127558,150.9013461580781
"2518",-34.37255222861078,150.89792679581592
"2519",-34.39123313500088,150.88072591464356
"2525",-34.430831585266674,150.84879641918488
"2526",-34.40402049595069,150.78691878499527
"2527",-34.58235374015015,150.74822936301004
"2528",-34.54785423116183,150.858940584113
"2529",-34.60046740535162,150.8386832667038
"2530",-34.50784310158535,150.76140016743437
"2533",-34.659503768808364,150.78765652161604
"2534",-34.73604086806211,150.78604054262868
"2535",-34.760906249340174,150.68409678149425
"2536",-35.67000485909508,150.10651676357685
"2537",-35.913683706930925,149.9146697983879
"2538",-35.4219243274497,150.2931889543637
"2539",-35.376166603873195,150.29225835041257
"2540",-34.98166379652348,150.4875623759929
"2541",-34.87032318148373,150.58741693665903
"2545",-36.10953103403694,149.8340411111563
"2546",-36.30177323163328,149.89284515751564
"2548",-36.8338733941326,149.8843523741456
"2549",-36.96335347600794,149.81511293785596
"2550",-36.732875187238065,149.6858642707457
"2551",-37.23251034559211,149.76187875092631
"2555",-33.88200146099806,150.7452144755132
"2556",-33.94406838529785,150.7245218117406
"2557",-33.97512766422842,150.7723972391304
"2558",-34.030857852665314,150.8051377285448
"2559",-34.049892550651116,150.7986490405725
"2560",-34.22532064202478,150.81748753511297
"2563",-34.098443752969175,150.75502516983676
"2564",-33.996339913348535,150.8940615774837
"2565",-33.99084618497744,150.84986392078733
"2566",-34.02210599663191,150.8397742314557
"2567",-34.04620690912378,150.7510158319838
"2568",-34.137588668525794,150.7210992496557
"2569",-34.1881653583773,150.71238986588222
"2570",-34.052098026567165,150.58924595793368
"2571",-34.227567977853475,150.63337531039554
"2572",-34.19125574227237,150.51358988809707
"2573",-34.22882685800176,150.59078911342706
"2574",-34.39037251881472,150.65314991000082
"2575",-34.36296253906249,150.36279570672335
"2576",-34.52060721837274,150.50845701780514
"2577",-34.6074355733793,150.37505658584553
"2578",-34.666657885765325,150.29199057080083
"2579",-34.66877772773528,150.08816057624924
"2580",-34.703964253066495,149.7726599248375
"2581",-34.75736817369546,149.26945404088244
"2582",-34.91877273076159,148.80254365158328
"2583",-34.26386510278779,149.31371223053821
"2584",-34.67215855080018,148.66091960317516
"2585",-34.60789350267,148.55991173785435
"2586",-34.32704988903071,148.78909033352443
"2587",-34.570173838101894,148.33216241286007
"2588",-34.5141153900757,148.11893585641195
"2590",-34.693440948683794,147.95446449995893
"2594",-34.25820247308103,148.14143234018218
"2600",-35.319387699359986,149.13301474884253
"2601",-35.281655321457784,149.10466233772243
"2602",-35.247811600073376,149.1401080087169
"2603",-35.32820644721607,149.12627527102282
"2604",-35.330457943158606,149.14856790253833
"2605",-35.33103515133466,149.089910454914
"2606",-35.348118316114935,149.09051111126792
"2607",-35.368538746149966,149.1010952839189
"2609",-35.2940294364011,149.19572172859043
"2611",-35.40101461135512,148.77524404638595
"2612",-35.28372541760178,149.14768852330695
"2614",-35.248934334484204,149.0548062783071
"2615",-35.213567033190266,149.02062752361647
"2617",-35.21779118939843,149.08088633783046
"2618",-35.12252353461568,149.04653023868138
"2619",-35.38335376060415,149.20123904838204
"2620",-35.51487442425297,149.14509514010254
"2621",-35.433051210672645,149.4443305022059
"2622",-35.420970072265504,149.85497164624795
"2623",-35.579631608017195,149.42859834265255
"2624",-36.32220590871593,148.42528607564265
"2625",-36.50338061153402,148.30582093419838
"2626",-35.91982396063146,149.16806875158002
"2627",-36.56950987083099,148.4225041142869
"2628",-36.56118324072495,148.7167460324715
"2629",-35.8947080244946,148.64931645725576
"2630",-36.236122510702316,149.15803264565497
"2631",-36.559254381584736,149.33932359819877
"2632",-36.95440867866322,149.2316664334247
"2633",-36.94665828560515,148.85109590253913
"2640",-35.970613101239756,147.17862908930712
"2641",-36.030266636408676,146.92472931868141
"2642",-35.89811337447438,147.48156709361123
"2643",-35.95592930077314,146.62496167933944
"2644",-35.75277167675966,147.4198752447279
"2645",-35.315636417513865,146.25334419889327
"2646",-35.725840444663646,146.2453597309872
"2647",-35.92404316980188,146.04822858594287
"2648",-33.4180815023043,142.06595702902456
"2649",-35.79171699712108,148.28765353039356
"2650",-35.192948312324106,147.40739061499258
"2651",-35.146071333326745,147.46334446088545
"2652",-34.57635441090317,146.5630516873525
"2653",-35.79291685974298,148.03693496313215
"2655",-35.26211029269484,147.07195565619455
"2656",-35.26184149073846,146.7541123639516
"2658",-35.50211206141237,146.9387236112129
"2659",-35.703869767083646,146.8573060465362
"2660",-35.667911445917206,147.05540665687516
"2661",-35.15309569172617,147.2776250569024
"2663",-34.822653421411836,147.65600191072275
"2665",-34.27828396518163,146.80237141206794
"2666",-34.43011686769875,147.5910010934894
"2668",-34.10772773080714,147.41877987000564
"2669",-33.70618205109922,146.61174215739857
"2671",-33.798673962261915,147.20048480568238
"2672",-33.37857062523881,146.3283017988861
"2675",-33.26676600763037,145.50204585556068
"2678",-35.06058509054889,147.35844172095256
"2680",-34.34847606226154,145.92179508863052
"2681",-34.158725037642846,146.174723488547
"2700",-34.84023294340757,146.40629929262658
"2701",-34.70155902949302,147.20168183712167
"2702",-34.80767045906172,147.01856295331962
"2703",-34.62488169246319,146.40186025460318
"2705",-34.49461906803172,146.31121057454018
"2706",-34.59560955727843,145.86630643774228
"2707",-34.80719835728954,145.83478220189215
"2710",-35.28131887639084,144.91952822089448
"2711",-34.15539173147985,144.59741018545463
"2712",-35.708461904596206,145.8314852830428
"2713",-35.58072152653162,145.4997026529671
"2714",-35.75525215330012,145.4232706897158
"2715",-33.965655836511246,143.30222265150854
"2716",-35.15283897624906,145.71647358777145
"2717",-34.088883137104816,142.09732134369816
"2720",-35.44128070265199,148.37359601419172
"2721",-34.01512488095095,147.69472156758502
"2722",-35.01006312830286,148.09823865662594
"2725",-34.46598594753528,147.8646898560274
"2726",-34.794607273145395,148.3359983335781
"2727",-34.98475113555872,148.3414817516464
"2729",-35.2843440018649,147.96144148760575
"2730",-35.546235000544584,148.07691702673222
"2731",-35.89519713632618,144.65538521355182
"2732",-35.48193929833845,144.18533576355435
"2733",-35.04034240039953,144.15825330315607
"2734",-35.14139568996155,143.7397466702194
"2735",-35.15777550073673,143.4933678596898
"2736",-34.984703659713325,143.38460174062124
"2737",-34.355458974525334,142.87790287779643
"2738",-34.23881177640928,142.51449827162432
"2739",-34.151921783634684,142.14650295508076
"2745",-33.863269152265175,150.66663367720125
"2747",-33.730891321142344,150.75184212203752
"2748",-33.808279633496504,150.73043420824393
"2749",-33.69327289499237,150.68868112262376
"2750",-33.75250049956676,150.67847193694894
"2752",-33.925083318025486,150.59245596315097
"2753",-33.616691625596985,150.69352052657206
"2754",-33.555521081253495,150.72327154225013
"2756",-33.30083452832204,150.76362551812278
"2757",-33.55037372262316,150.70116564846543
"2758",-33.485692355454425,150.62062592253884
"2759",-33.80573306683297,150.7917187458557
"2760",-33.76079362827471,150.78121557118465
"2761",-33.73924080706485,150.84838272941656
"2762",-33.69983128287061,150.8743676289067
"2763",-33.72703487669381,150.8880765779642
"2765",-33.65168099766364,150.8565894841401
"2766",-33.79607454808926,150.84507834946842
"2767",-33.76504749889445,150.87171387974698
"2768",-33.72820573219324,150.93017029414858
"2769",-33.705428545764235,150.90536899125024
"2770",-33.75573728000399,150.81371167625812
"2773",-33.765434416126524,150.62748014677717
"2774",-33.732887819276584,150.61831757497674
"2775",-33.280244579591276,150.9954909578644
"2776",-33.68535035721983,150.5509979121774
"2777",-33.691706600890875,150.6067410048089
"2778",-33.72145043419045,150.48904033003947
"2779",-33.72832230585596,150.45566848004424
"2780",-33.70250160188451,150.3098642065414
"2782",-33.721668581386346,150.3797364775969
"2783",-33.71978100340529,150.4340613809097
"2784",-33.72920951492183,150.41766763761683
"2785",-33.700658684346145,150.23597287338234
"2786",-33.51151880842926,150.31040092104985
"2787",-33.89315141782475,150.1452676596815
"2790",-33.45837908876833,150.19388831127455
"2791",-33.589087414810656,149.10398870295617
"2792",-33.642964208229635,148.9799149771609
"2793",-33.80450952273006,148.91956366332698
"2794",-33.87704401071798,148.6304024375325
"2795",-33.51303901971574,149.56324451566462
"2797",-33.72600286911677,149.01893507628205
"2798",-33.44425550747137,149.16460819341478
"2799",-33.591303000147875,149.24873396883135
"2800",-33.2837941481473,149.052659898788
"2803",-34.13663488439126,148.51144083750424
"2804",-33.544455577015015,148.63637108599477
"2805",-33.66352668344982,148.4281752588057
"2806",-33.41169415153069,148.3536251494764
"2807",-34.02118525518368,148.58225381907127
"2808",-33.97972395959106,148.94506902990952
"2809",-34.029294042434884,148.38875733836846
"2810",-33.849784874654986,148.0025759966697
"2817",-31.421923610259498,148.87277745555397
"2818",-32.44690166286325,148.76400754405063
"2820",-32.5636119572295,148.99766275031715
"2821",-32.25691121103518,148.1402219435105
"2822",-31.94754975493975,148.63602214349322
"2823",-32.00490946742231,147.93093340449872
"2824",-31.357302888277506,147.80428045124881
"2825",-31.6725528604444,147.09844448379715
"2826",-31.929957221182853,147.58047454503077
"2827",-31.656024319749143,148.56616273664474
"2828",-31.27931838123956,148.53057381556195
"2829",-30.78833210149783,148.3638250443987
"2830",-32.20130289271795,148.62948994280222
"2831",-31.1148665906145,146.90602965946223
"2832",-29.94853331961252,148.03870672331507
"2833",-29.383269212573833,148.55481948776765
"2834",-29.269661144431716,147.9875838041465
"2835",-31.6971806609751,145.3608930919729
"2836",-30.910692656244752,143.4226215287314
"2838",-29.248418806364395,147.41571903815344
"2839",-29.808717076051696,146.8944444490768
"2840",-29.918060648759397,144.84494826334557
"2842",-31.75735215194966,149.10846981825154
"2843",-31.79268389893623,149.75984815038967
"2844",-32.03637960351801,149.34924826805138
"2845",-33.420406999778365,150.0500499936761
"2846",-33.13944996097303,150.1518463747935
"2847",-33.35653057305268,149.97284842390587
"2848",-32.92911599934298,149.96819361477688
"2849",-32.76834969677899,150.16212328256088
"2850",-32.63264217384973,149.6372875072092
"2852",-32.282141322813565,149.4597770168794
"2864",-33.33475756485473,148.6756392151239
"2865",-33.15968569179762,148.6311776682917
"2866",-33.00974119599155,148.96053902650607
"2867",-32.901471684340834,148.60500417287685
"2868",-32.73119222947094,148.5713960335553
"2869",-32.6491754352404,148.11635359701992
"2870",-33.098883857909655,148.22063198770496
"2871",-33.47449640044658,147.80379422100492
"2873",-32.28637775278149,147.21919618020078
"2874",-32.56301015500511,147.608061287429
"2875",-32.9159065577569,147.6090650458222
"2876",-33.14522878143252,147.81600046495575
"2877",-32.7930318536866,146.56222036907965
"2878",-32.78278670898277,144.20055864367208
"2879",-32.44161524934761,142.71910070239937
"2880",-30.811633425575565,141.81993689169727
"2898",-31.5525385773446,159.0768102761548
"2899",-29.03794579898288,167.95240949672768
"2900",-35.47800166188702,149.10075460694915
"2902",-35.386226107450405,149.05805045926368
"2903",-35.3997720396955,149.08881143543263
"2904",-35.40917395956223,149.10837199597148
"2905",-35.432353706641244,149.10993590860883
"2906",-35.46080154917964,149.09568953511257
"2911",-35.213620964337466,149.1269450884923
"2912",-35.19299416894844,149.15985412331742
"2913",-35.17643858162824,149.10812074880099
"2914",-35.169309568852185,149.13968919584696
"3000",-37.81314234745685,144.96238093177988
"3002",-37.81441916677731,144.98259335231918
"3003",-37.80931496260727,144.9252035754352
"3004",-37.83252018902255,144.97732514913363
"3006",-37.82575445789247,144.96066244098998
"3008",-37.81834865826825,144.94043907287096
"3011",-37.79947090540352,144.89625950421484
"3012",-37.80322719051285,144.85885900597472
"3013",-37.817906465308454,144.88202983064818
"3015",-37.837781422722365,144.88219189780006
"3016",-37.85908416467559,144.8848260390458
"3018",-37.8602923661455,144.81501621830049
"3019",-37.78669182332519,144.85484816567825
"3020",-37.783331371534146,144.82386161499934
"3021",-37.742896148136744,144.80000360136543
"3022",-37.775943984507656,144.80104488836548
"3023",-37.75975760936085,144.75201189786114
"3024",-37.837151198289966,144.59942105667972
"3025",-37.83778360406582,144.8347379933425
"3026",-37.81641550988226,144.78204100162642
"3027",-37.86200938730207,144.74306349138072
"3028",-37.87587834157932,144.7777248762841
"3029",-37.821240204932984,144.69486438879548
"3030",-37.91323582747001,144.62947683677348
"3031",-37.78998914978345,144.92264390655887
"3032",-37.77471118146332,144.90002228733584
"3033",-37.73948506494164,144.85750688675463
"3034",-37.761538537134975,144.86261227952482
"3036",-37.69741942191985,144.81376026666769
"3037",-37.6998154207626,144.7555639901011
"3038",-37.70685409496913,144.7941281835117
"3039",-37.76561258115065,144.9214352510259
"3040",-37.7520358889722,144.90548755911604
"3041",-37.72944463305231,144.90716730611686
"3042",-37.725257633112264,144.8708734014958
"3043",-37.70022082870904,144.8813889995788
"3044",-37.731973800741834,144.9382594890116
"3045",-37.673747276682995,144.83802128763287
"3046",-37.70636480839302,144.93037708558575
"3047",-37.68108384822815,144.93092276780396
"3048",-37.65340979443463,144.92504445708965
"3049",-37.67105275467538,144.88938105567547
"3051",-37.798453991139596,144.94493654169472
"3052",-37.7870518814047,144.95148357403139
"3053",-37.80040540820982,144.96816823677594
"3054",-37.78569850449342,144.9681324397954
"3055",-37.7633140822489,144.94273258388424
"3056",-37.76634740425029,144.9612475427364
"3057",-37.768963306203155,144.97743224076888
"3058",-37.73756596452626,144.9656882576414
"3059",-37.63662144565916,144.8798385794445
"3060",-37.70482383372296,144.96939450157714
"3061",-37.66384404413399,144.95953943734122
"3062",-37.63467016333226,144.95076896777047
"3063",-37.58930563428698,144.84482996503283
"3064",-37.556161546396545,144.93297791055528
"3065",-37.80081009202544,144.9791982045788
"3066",-37.801739733783364,144.98823081958622
"3067",-37.804139390939326,144.99963612556837
"3068",-37.78629087233786,144.98965307157167
"3070",-37.77251069004814,145.0004928621108
"3071",-37.75817151728167,145.0058302593363
"3072",-37.741774902996454,145.00794974871872
"3073",-37.7121549498847,145.0068399920836
"3074",-37.68378795296842,145.0081983388117
"3075",-37.66677102874531,145.01280862697953
"3076",-37.63893797928744,145.00908477269124
"3078",-37.78268263391434,145.0225030861752
"3079",-37.769399623697716,145.04859800516198
"3081",-37.742082843346495,145.04615288622352
"3082",-37.66399063483106,145.0645173388572
"3083",-37.699817374592705,145.05783450898303
"3084",-37.74671237552878,145.07688696638226
"3085",-37.722686851482926,145.07951211019144
"3087",-37.70485953463895,145.08419623064492
"3088",-37.69836262472212,145.1113174848361
"3089",-37.66794183939277,145.15670190765675
"3090",-37.66740957752261,145.1123623513005
"3091",-37.63750003701364,145.1348627068149
"3093",-37.73881418721921,145.11621984409194
"3094",-37.719020505120945,145.12527519954506
"3095",-37.71137637848234,145.16635491591737
"3096",-37.667304454811315,145.18835588738486
"3097",-37.689436712993476,145.24168582137838
"3099",-37.5805137749569,145.2195008412978
"3101",-37.80344755802543,145.0331730441802
"3102",-37.79069184122865,145.05237953530104
"3103",-37.80946854469595,145.08043506054577
"3104",-37.791733694526734,145.08429733451808
"3105",-37.76862162566112,145.08698280860807
"3106",-37.75403424185333,145.1486388879367
"3107",-37.76381100817357,145.11220397598134
"3108",-37.78475343694444,145.12396872030712
"3109",-37.77880210979389,145.1639005467384
"3111",-37.78976258723582,145.19137811336816
"3113",-37.74041560974043,145.2112748183313
"3114",-37.77698984474068,145.2147787886797
"3115",-37.735643628358304,145.26980352889817
"3116",-37.73858910791959,145.31432055940783
"3121",-37.82289393781022,145.00405267270057
"3122",-37.82475454336895,145.0320124108687
"3123",-37.8309822265087,145.05002656324413
"3124",-37.83835693035251,145.07367754348533
"3125",-37.84964810350414,145.111266607828
"3126",-37.82371257754852,145.07552840675288
"3127",-37.82423659225129,145.10086271333498
"3128",-37.829024873319284,145.1247470044743
"3129",-37.80480566214736,145.1229164710643
"3130",-37.82326603103536,145.15103619827565
"3131",-37.827364878955805,145.1740967662654
"3132",-37.818164103682285,145.19901339866837
"3133",-37.84756097299887,145.19272229169485
"3134",-37.79188282035439,145.2371809634266
"3135",-37.82178352431133,145.24895775391764
"3136",-37.791245819955314,145.28162738615083
"3137",-37.81883517457525,145.3164583846484
"3138",-37.781349731734764,145.32566013897244
"3139",-37.81260675308728,145.54429905671648
"3140",-37.75564959398335,145.36780886300747
"3141",-37.839300205892215,144.99193542995405
"3142",-37.841529354038165,145.01747541134537
"3143",-37.856663299171,145.02023101485688
"3144",-37.854516219492595,145.0351237448957
"3145",-37.877267903236415,145.06214207052236
"3146",-37.855793797130126,145.06507996588962
"3147",-37.86701904495482,145.09045632274646
"3148",-37.88182580049032,145.10023397408952
"3149",-37.87836909752221,145.1285027273964
"3150",-37.89153634683171,145.17533622670567
"3151",-37.85357271776184,145.15042160950097
"3152",-37.86595221674176,145.22324714677268
"3153",-37.83693396365366,145.2732650988613
"3154",-37.85639915110184,145.32254820184775
"3155",-37.85626346438276,145.2857402955195
"3156",-37.9210094874985,145.29317272260607
"3158",-37.90546824289466,145.32908430210313
"3159",-37.921088960145276,145.39050024715772
"3160",-37.931397771976584,145.35422293561746
"3161",-37.87203498863193,145.0215927557217
"3162",-37.8913671766471,145.02536780410713
"3163",-37.89445295178298,145.05914672889983
"3165",-37.92209578656096,145.06699111406115
"3166",-37.901672002536685,145.09826598279344
"3167",-37.92438721498632,145.0942804113976
"3168",-37.91592829254571,145.13218545619077
"3169",-37.94305785690045,145.11933295815038
"3170",-37.92566907202205,145.17587698351974
"3171",-37.945658249210354,145.15785279104432
"3172",-37.973851381414036,145.13365829822118
"3173",-38.00537431734253,145.16732991298747
"3174",-37.96392488241163,145.18102669052124
"3175",-38.018618025142885,145.20312279038728
"3177",-37.990589415417446,145.24020639946903
"3178",-37.92427858373022,145.24382081563715
"3179",-37.90164649594953,145.2185765888632
"3180",-37.89058394287278,145.24934230006164
"3181",-37.852752990443136,144.99753683014742
"3182",-37.86291149074564,144.98022125223022
"3183",-37.86768445569287,145.0003217917798
"3184",-37.88077282373276,144.9855032669584
"3185",-37.88611455107526,145.00612231631814
"3186",-37.908426118065414,144.99600861845525
"3187",-37.91731037408313,145.01668217783518
"3188",-37.93798257708693,145.01457241813594
"3189",-37.941444551856854,145.05778702696188
"3190",-37.950369995604895,145.04042603709485
"3191",-37.95356078501494,145.0146308826867
"3192",-37.963546478033685,145.06036722992582
"3193",-37.97802297038142,145.03232021505679
"3194",-37.979919757163096,145.08150712008077
"3195",-38.00553082182827,145.1096096312159
"3196",-38.04818781389773,145.12562367668187
"3197",-38.071293409144275,145.13919966208613
"3198",-38.10473809448342,145.13846777191392
"3199",-38.16014279221257,145.1388102550742
"3200",-38.12391100543329,145.16386510949977
"3201",-38.092764684158915,145.1758001500449
"3202",-37.9560532414967,145.09320011027017
"3204",-37.915708654644966,145.03922828291616
"3205",-37.8339713405585,144.95735849247293
"3206",-37.84654998305973,144.9612749768105
"3207",-37.833321983459754,144.9222010917546
"3211",-37.93200457710139,144.46688664642983
"3212",-38.02138995813961,144.4497936699907
"3213",-37.97005805237105,144.28847418245397
"3214",-38.07422951545077,144.3707328120936
"3215",-38.10830786446258,144.33416869545715
"3216",-38.18765371433299,144.3095974739571
"3217",-38.251110058241174,144.2980370550394
"3218",-38.11554476923442,144.21705464401063
"3219",-38.17249189331783,144.38547264051905
"3220",-38.15548151601843,144.34823641497863
"3221",-38.160055980276624,144.17955806281134
"3222",-38.20244772943046,144.56499575172438
"3223",-38.153325623667335,144.66583379913277
"3224",-38.18627740364744,144.44400034680112
"3225",-38.249336275193734,144.6291838458129
"3226",-38.25955315001595,144.53835822273857
"3227",-38.26058979011157,144.42756784572035
"3228",-38.332430843274885,144.27071501185807
"3230",-38.38083029325642,144.15430827254175
"3231",-38.4520335148563,144.06030167432402
"3232",-38.53380030321266,143.92431912182238
"3233",-38.75732490921781,143.61135471978946
"3234",-38.63258341361477,143.8298493839441
"3235",-38.43859620850178,143.91995734329518
"3236",-38.52315375217848,143.70425339649898
"3237",-38.66744763511651,143.46126165569356
"3238",-38.727934371506265,143.44645474555284
"3239",-38.573616749815294,143.420186138301
"3240",-38.25329556299977,144.13867354892136
"3241",-38.260263163048904,143.9307750206147
"3242",-38.33360469234424,143.82202025940856
"3243",-38.43773384662027,143.77855170179998
"3249",-38.36851985248023,143.54277394518274
"3250",-38.340145860929105,143.58390860525228
"3251",-38.14095351365818,143.65836016070125
"3254",-38.296485681824215,143.52749267996347
"3260",-38.19237009886571,143.22798890748888
"3264",-38.2386219253412,142.8788423665314
"3265",-38.24085734142264,142.82336457493662
"3266",-38.41512849979731,143.14384747864756
"3267",-38.461451941872234,143.08678763375644
"3268",-38.515479892082375,142.94494817108986
"3269",-38.63323867697565,143.1139128527414
"3270",-38.58801948279146,142.88219461180486
"3271",-37.91020084811043,143.0150130524858
"3272",-37.97419179978019,142.8116645942308
"3273",-37.98311195587978,142.67937957100315
"3274",-37.952752285094675,142.52264781415508
"3275",-38.28800045842663,142.46538388009523
"3276",-38.12244511180606,142.46443197488765
"3277",-38.410949672840914,142.67407211907866
"3278",-38.27319461697226,142.61430559519462
"3279",-38.23445996459748,142.60564562481406
"3280",-38.366742480217376,142.48819025257433
"3281",-38.25498786043487,142.5178569683202
"3282",-38.294303431629245,142.38137068558783
"3283",-38.23203962476315,142.278315395118
"3284",-38.26626661805088,142.14356865142315
"3285",-38.26110018450752,141.9605651931027
"3286",-38.033383352698735,142.01816787011333
"3287",-38.05430368713487,142.30311808678147
"3289",-37.896853266241465,142.27395810929823
"3292",-38.06581487460473,141.10986176991798
"3293",-37.73257817182036,142.54551666287654
"3294",-37.59385519134941,142.31992605196714
"3300",-37.79012334853797,142.0025228774245
"3301",-37.785554195467206,142.00342034792268
"3302",-37.83891817228615,141.7510570838259
"3303",-37.96216653057726,141.67583420935802
"3304",-38.01099403211344,141.4427154793095
"3305",-38.23454636223114,141.4498051981481
"3309",-37.81088471658123,141.52838215194714
"3310",-37.730178935133075,141.5652049112446
"3311",-37.57890806698579,141.30178548697023
"3312",-37.49348106523297,141.2298264168034
"3314",-37.38843189849686,142.1557245821735
"3315",-37.467757207986935,141.67177799438608
"3317",-37.144394230766686,141.60161086907934
"3318",-37.03997233975036,141.30112140255974
"3319",-36.91216240579649,141.0900486720492
"3321",-38.10038913873209,143.94556996875045
"3322",-38.03282833944146,143.66602157777604
"3323",-38.012239348634836,143.50594599907095
"3324",-37.92706875222657,143.3542239076014
"3325",-37.8991154916503,143.18031707291922
"3328",-38.023651924140395,144.05488841553242
"3329",-37.98689396673357,143.88266550623936
"3330",-37.9272027739115,143.74825588577505
"3331",-37.985766255319994,144.183262334965
"3332",-37.95596834476911,144.09655161601577
"3333",-37.87150642355915,144.03706551936736
"3334",-37.75679906591025,144.05919157553984
"3335",-37.696881190798216,144.65963272283744
"3336",-37.70591672447739,144.70404736756814
"3337",-37.62826491193392,144.58578444747283
"3338",-37.7560799221903,144.5548449577076
"3340",-37.742329171664544,144.39529276049726
"3341",-37.58526780763894,144.3461682365124
"3342",-37.63119772883107,144.22181075621145
"3345",-37.56654254368811,144.11225178371006
"3350",-37.572911872944694,143.86587469081758
"3351",-37.6884308845989,143.28078166267122
"3352",-37.580761696404956,143.77253336338373
"3355",-37.515939945739945,143.79648339277838
"3356",-37.59277504170958,143.82811424124446
"3357",-37.651906780178564,143.89727567558919
"3358",-37.57950332527758,143.79382038062488
"3360",-37.73854136525661,143.51343776314113
"3361",-37.71117209588846,143.31227854699551
"3363",-37.391492434529745,143.86349816025574
"3364",-37.311638705090765,143.96383163322906
"3370",-37.26176964662724,143.82104000729967
"3371",-37.20222692001318,143.65776451493517
"3373",-37.464404657137365,143.34021064457872
"3374",-37.16667640997258,142.88184154789872
"3375",-37.39177911368723,143.13604894276102
"3377",-37.272676611038385,142.94900287968272
"3378",-37.51150789216717,143.0201939366345
"3379",-37.53916995241581,142.63665532525098
"3380",-37.05765555177131,142.77061979900432
"3381",-37.161155792758954,142.58592146345578
"3384",-36.99681802818966,143.04752789836
"3385",-36.87492580993304,142.58806140168699
"3387",-36.825917715597576,142.86962672224993
"3388",-36.6276078746496,142.6950066390963
"3390",-36.56547825798199,142.46747529319566
"3391",-36.05116813922477,142.44310143507838
"3392",-36.41269055711114,142.62841416385848
"3393",-36.193638039037864,142.42071991338725
"3395",-35.913001385299744,142.41813783964653
"3396",-35.708955004904595,142.35199919278716
"3400",-36.71891066427338,142.196234759712
"3401",-36.83584746177072,142.09882066773721
"3407",-37.28753598274872,141.83867631957546
"3409",-36.85017976787115,141.78992992965846
"3412",-36.67135454794293,141.48901329120366
"3413",-36.70863953672069,141.2317150380286
"3414",-36.336466443083246,142.05067739220098
"3415",-36.37407783408653,141.37924354861428
"3418",-36.277525869392186,141.62636392185385
"3419",-36.3861921300501,141.26453182896105
"3420",-36.2090652128469,141.08710263654908
"3423",-36.098090856746616,141.97787297878423
"3424",-35.82525909502389,141.99733054893093
"3427",-37.62081064766305,144.69764154705226
"3428",-37.63523111489402,144.79103733332698
"3429",-37.54988480316122,144.7352759514249
"3430",-37.48724973845962,144.80329497496342
"3431",-37.444575644358075,144.68300946947454
"3432",-37.438108784352764,144.77695437015393
"3433",-37.401043492338054,144.776472205391
"3434",-37.351595827401084,144.74714649883344
"3435",-37.22643787482808,144.73853675227525
"3437",-37.501587241691475,144.54669101986124
"3438",-37.45237272773085,144.6152571765256
"3440",-37.4284626056247,144.55587457966763
"3441",-37.392957452663445,144.59318712662434
"3442",-37.33277353246658,144.55193898197942
"3444",-37.135414977421185,144.52846748363785
"3446",-37.187208878216815,144.34653569357866
"3447",-37.14133722101706,144.34908262527074
"3448",-37.05149565777427,144.38274352067825
"3450",-37.05928649305112,144.22204810008367
"3451",-37.10748151628818,144.21194383358736
"3453",-36.93389272480022,144.2389415538617
"3458",-37.45545121382598,144.3654441635165
"3460",-37.33895562767924,144.14221014519663
"3461",-37.30777596333558,144.17985979728425
"3462",-37.11270531825994,144.0564712869225
"3463",-36.93446951601609,144.00893634206358
"3464",-37.0296821664093,143.8393754761887
"3465",-37.035357808875645,143.67408383881087
"3467",-37.08209329481029,143.46997858124158
"3468",-37.21318464322481,143.40327200232338
"3469",-37.17472419953752,143.26387846511204
"3472",-36.85635535559833,143.69630535998152
"3475",-36.726215202022104,143.51922608460674
"3477",-36.68412585396398,143.2066726812894
"3478",-36.82698084292692,143.2910952030313
"3480",-36.34970850850849,142.9392582598636
"3482",-36.137475047374245,142.84342556979078
"3483",-35.91329087122546,142.88387980136812
"3485",-35.696007482864225,142.72237045082335
"3487",-35.55600951407198,142.60654645141335
"3488",-35.44177820282327,142.4639319766655
"3489",-35.29257447984944,142.45046268188113
"3490",-35.1406705164279,141.61983040710282
"3491",-35.435279795410935,142.1875160590037
"3494",-34.51913237311909,142.17886086281564
"3496",-34.34811411580983,141.57615082005884
"3498",-34.25253373857821,142.16863328690002
"3500",-34.20841440317952,142.12420858453856
"3501",-34.65567436632965,142.29171160591616
"3505",-34.18770399902029,141.87229050473033
"3506",-35.18818636789844,141.36526207519685
"3507",-35.09923906946522,142.04587585498442
"3509",-35.162024424788314,141.76423939366384
"3512",-35.16615338788587,141.10708659943958
"3515",-36.8034109376261,144.08017022898244
"3516",-36.625417688500654,144.0120197491471
"3517",-36.46284580371618,143.8698675314963
"3518",-36.40444416035833,143.64250032475888
"3520",-36.355581295265885,143.76711894104497
"3521",-37.113577854576164,144.85890720840138
"3522",-37.04824286001998,144.78097724502712
"3523",-36.85011650349695,144.7371815927868
"3525",-36.24887473384892,143.42611207116792
"3527",-36.03736381967905,143.28202890534737
"3529",-35.84865579629282,143.1953413292152
"3530",-35.72889902338445,143.1587733579612
"3531",-35.620921686662655,142.9624215538787
"3533",-35.38249719253396,142.80132131179315
"3537",-36.05227780657985,143.71339182199642
"3540",-35.835548486913666,143.52417938249295
"3542",-35.66574157165429,143.43632279575075
"3544",-35.475351059726165,143.18381465609062
"3546",-35.087530898496276,142.91106028718667
"3549",-34.7885137987591,142.776914071387
"3550",-36.758101966198424,144.29292907891332
"3551",-36.758525359032014,144.29043537816025
"3555",-36.80638309921391,144.24265138030677
"3556",-36.648413132317984,144.18881072517723
"3557",-36.654930137035805,144.52408526555442
"3558",-36.49137908303157,144.60716004484243
"3559",-36.560075478570155,144.79072383086296
"3561",-36.3398833884816,144.68316518940867
"3562",-36.046188598558835,144.52764053085284
"3563",-36.27143947066817,144.49873121689942
"3564",-36.12194278942442,144.64034436696704
"3565",-36.19159290991838,144.5247129958764
"3566",-35.949413753330624,144.35493524264993
"3567",-35.90884799074976,144.27615094807098
"3568",-35.813673246051046,144.1919700522225
"3570",-36.501104121995056,144.26980734202996
"3571",-36.38460581014372,144.18006457407733
"3572",-36.318620392723595,144.32114038060664
"3573",-36.194063107304956,144.27448794067465
"3575",-36.06743501724341,144.10886640565184
"3576",-36.12226566884143,143.9142234035166
"3579",-35.73118553617601,143.84376900791972
"3580",-35.64364371881489,144.10947664083858
"3581",-35.594346652331275,143.81768289577167
"3583",-35.50427034854056,143.68981020181107
"3584",-35.46742794717533,143.64162078907725
"3585",-35.38221315650409,143.3949223608041
"3586",-35.327950814497,143.53794723461863
"3588",-35.294045781143794,143.44843725206604
"3589",-35.25167477675844,143.44784764754277
"3590",-35.22375391894604,143.47271709199427
"3591",-35.21237233594919,143.39856057897748
"3594",-35.14689650010495,143.36326568565502
"3595",-35.18349669147704,143.33578422417548
"3596",-35.14558159864706,143.23586931522667
"3597",-34.90290417996982,143.1546209211623
"3599",-34.738306086402645,143.09460470516962
"3607",-36.84454114855626,145.16996245138915
"3608",-36.763114018330235,145.13371231898913
"3610",-36.59259079691176,145.22251681145997
"3612",-36.61017376027515,145.03568311887022
"3614",-36.49163142486336,145.3130284909608
"3616",-36.433507636142615,145.173422238173
"3617",-36.4120242677531,145.16472187076639
"3618",-36.36822552742408,145.15015804959805
"3620",-36.278349974747066,145.07395111129154
"3621",-36.226476139123655,144.96805106219932
"3622",-36.243654140997826,144.8305069105476
"3623",-36.46276682409795,144.9415737100074
"3624",-36.39984705274187,144.94964319768954
"3629",-36.29786398978541,145.26896385528812
"3630",-36.4370174806843,145.53752971988428
"3631",-36.44525686543426,145.48009303960407
"3633",-36.294579350514454,145.4691119292153
"3634",-36.23848611420564,145.4705089688696
"3635",-36.1555281448808,145.33989254037925
"3636",-36.10285166535258,145.50588758017906
"3637",-35.96508447160114,145.29296902822566
"3638",-36.034929056108794,145.16899571053943
"3639",-35.97685673677917,145.03912102186032
"3640",-35.999741460243804,145.46541151432916
"3641",-35.89592024008796,145.4439262628224
"3644",-35.90139922391112,145.66642448715834
"3646",-36.26242215768615,145.70839015059033
"3647",-36.3939775837468,145.6998218220545
"3649",-36.0670497199886,145.70528855389952
"3658",-37.28147342325173,145.13953948655072
"3659",-37.12797735101816,145.13154709739396
"3660",-37.05639719101036,145.26486770504582
"3662",-36.93567893927195,144.9486309454279
"3663",-36.92552294510761,145.16501892548303
"3664",-36.92187943889347,145.29542577479464
"3665",-36.820252517976996,145.35973476619438
"3666",-36.803263272724045,145.54814083453547
"3669",-36.649151078589696,145.74898225908584
"3670",-36.64738813216444,145.87678837513496
"3672",-36.57889465139008,145.99677340626198
"3673",-36.66772860564692,146.07813469011973
"3675",-36.47759966528705,146.20832143010375
"3677",-36.36938362617703,146.316005335411
"3678",-36.600665599242745,146.43761630648342
"3682",-36.159816881645625,146.41967716516655
"3683",-36.1787588993324,146.60290903927844
"3685",-36.0480919236417,146.4523877918195
"3687",-36.004701857266426,146.42127066621904
"3688",-36.15609500524396,146.72109952306496
"3690",-36.1165270131298,146.8493801859828
"3691",-36.27311899592827,147.13559640188572
"3695",-36.31662567548023,147.11908244442967
"3697",-36.68463826017068,147.19992038678637
"3698",-36.766123273538156,147.1376438661753
"3699",-36.83519964748184,147.28792742698266
"3700",-36.18586307398691,147.2712223324024
"3701",-36.4973515963534,147.44873149979946
"3704",-36.14970386742893,147.4849440841853
"3705",-36.14719473537568,147.79888827992053
"3707",-36.45939217376322,147.92596355510267
"3708",-36.05959547392084,147.91277030676864
"3709",-36.03914362704189,147.66753954808146
"3711",-37.4379352806071,145.71077104277433
"3712",-37.366544009181325,145.83899479208515
"3713",-37.33889959084264,145.9893468548125
"3714",-37.213188431166905,145.71968066555138
"3715",-36.989034151390754,145.75408879653918
"3717",-37.3091869270822,145.44698696713428
"3718",-37.16106070546327,145.52487661037463
"3719",-37.04539099966569,145.60893524471012
"3720",-37.01707869601695,145.8808937045747
"3722",-37.04203450191175,146.12555713141688
"3723",-37.23122337538993,146.28089372571833
"3725",-36.40018410060254,145.89457013545749
"3726",-36.33435503649689,145.98957663074378
"3727",-36.24919840566355,145.94069324310098
"3728",-36.1549005916315,145.933221998489
"3730",-36.05214550441674,145.97236096258422
"3732",-36.68767168420237,146.32972718164316
"3733",-36.75268035108075,146.413437798753
"3735",-36.53731142584514,146.603453527859
"3737",-36.85784295970059,146.8145626252858
"3738",-36.60434724065696,146.78444311433736
"3739",-36.6394035278893,146.84608557260856
"3740",-36.813928959985574,146.8638268869603
"3741",-36.90353903845163,147.10346659630093
"3744",-36.790906164679726,146.9846324766097
"3746",-36.32498034428882,146.55386442931965
"3747",-36.35472481817393,146.71051265964329
"3749",-36.35663269327161,146.86732736773237
"3750",-37.59092172211015,145.00506822349766
"3751",-37.54437346328859,145.0611635473041
"3752",-37.631648020597595,145.083643795118
"3753",-37.47615352406825,144.97193195080385
"3754",-37.59485225236211,145.11709742464205
"3755",-37.55028218351829,145.1270619234904
"3756",-37.41297044803219,144.92597188450608
"3757",-37.47674594958084,145.19353207300006
"3758",-37.35945080905851,145.03414779300985
"3759",-37.64279247083504,145.24647176212187
"3760",-37.6269875578936,145.2883512643012
"3761",-37.58324181003844,145.2873856230266
"3762",-37.35422417082694,144.93869300458275
"3763",-37.51072510470049,145.35813117667067
"3764",-37.212232152987646,144.93432575938095
"3765",-37.81275337831535,145.3468769955788
"3766",-37.817239157039666,145.38331793078055
"3767",-37.83626454298418,145.35021068049676
"3770",-37.711374406202836,145.4244628070435
"3775",-37.62536773842483,145.3787598447187
"3777",-37.59032106502962,145.51968467564745
"3778",-37.55623186804189,145.6354180728111
"3779",-37.57924021096244,145.93958120563983
"3781",-37.93313355587392,145.51080079469494
"3782",-37.92087857584726,145.45700091441392
"3783",-37.94495821719671,145.6388049123898
"3785",-37.879087685828495,145.31619415837983
"3786",-37.87670301263311,145.3353574294874
"3787",-37.86456607518185,145.35162586846516
"3788",-37.85235233767175,145.37969479364145
"3789",-37.888499549705465,145.35937523914563
"3791",-37.900469648211235,145.40486238692802
"3792",-37.89185668884136,145.40216266237726
"3793",-37.873883830873595,145.4276484931837
"3795",-37.83681579094364,145.43344224328888
"3796",-37.78727842217657,145.38821691326538
"3797",-37.84496738542842,145.70352741957348
"3799",-37.705094782957815,145.80458590545334
"3802",-37.969626463996335,145.25602734063906
"3803",-38.0067741272943,145.26836727410492
"3804",-37.97641544838753,145.3273149104503
"3805",-38.03654194134147,145.30434743038873
"3806",-38.02740760040739,145.35174641027163
"3807",-38.034447567229826,145.38502805011345
"3808",-37.99464097535575,145.43192202840038
"3809",-38.07361744160491,145.41695141637533
"3810",-38.070155739394046,145.491541174002
"3812",-38.073014969250075,145.56857070145892
"3813",-38.04865960637437,145.62751607405593
"3814",-38.101005225285576,145.65573044979092
"3815",-38.07482163748863,145.7104860923727
"3816",-38.091015239022084,145.7724383026767
"3818",-38.13866036543807,145.84168875245956
"3820",-38.161299783026394,145.93869066117557
"3821",-38.166902862479695,145.97115477586328
"3822",-38.19980663654697,146.0088628592333
"3823",-38.21999446679398,146.06782762708892
"3824",-38.22245655287926,146.16796216433525
"3825",-37.912215772298225,146.32829927415136
"3831",-37.99853152403305,146.01996589387426
"3832",-37.92204877630977,145.99011328124521
"3833",-37.84927033625017,146.0605724230112
"3835",-38.30359894958082,146.170629918396
"3840",-38.28121313113909,146.4205058702537
"3842",-38.31609150149667,146.42359320394658
"3844",-38.278095508815,146.61192404540495
"3847",-38.219811278584025,146.82798393522177
"3850",-38.10435635238642,147.0729568954404
"3851",-38.218136748080816,147.14262517080402
"3852",-38.10412617245385,147.14336515654887
"3854",-38.11490491086815,146.5932172337997
"3856",-38.03588289996275,146.59211833451025
"3857",-38.01374925468431,146.67209203518527
"3858",-37.57253502195087,146.6855422592384
"3859",-37.919421299055635,146.87436680335279
"3860",-37.71395987547937,146.947126765065
"3862",-37.509017337465764,147.1907682284035
"3864",-37.82195583471402,147.31492047123928
"3865",-37.7991364233005,147.46628312247393
"3869",-38.365464845751525,146.36143877755998
"3870",-38.44990490025961,146.34958654072815
"3871",-38.40786414667169,146.1785733507772
"3873",-38.30256179725665,146.69288216148513
"3874",-38.5293049793536,146.89371053781858
"3875",-37.683375998721914,147.5500403683804
"3878",-37.90427747033888,147.68012291315617
"3880",-37.92776574576289,147.75525477011647
"3882",-37.812835952244725,147.74891300674471
"3885",-37.28928189310064,148.20638203509787
"3886",-37.75233260484063,148.45149550662455
"3887",-37.69681043473218,148.05608906724518
"3888",-37.354733096979075,148.6070072073431
"3889",-37.545885691463994,148.8777746283637
"3890",-37.48995788200487,149.21111086601655
"3891",-37.548104217755586,149.52038613322273
"3892",-37.51014794989254,149.79959208480636
"3893",-37.50495658562997,147.83180862092848
"3895",-37.362753927022226,147.85251548599976
"3896",-37.23059683560079,147.79554041298792
"3898",-37.036330630430726,147.508543692095
"3900",-36.872616079045294,147.91217735940725
"3902",-37.81615971031814,147.81147412923033
"3903",-37.814300464167275,147.86874821194658
"3904",-37.86855918532891,147.8433396401273
"3909",-37.8164035214097,148.01233074058038
"3910",-38.15455768476915,145.19743318988242
"3911",-38.195341575284594,145.17288379950045
"3912",-38.21622999702061,145.22164886076632
"3913",-38.26522741504704,145.18701636962305
"3915",-38.29792010379657,145.13168368179888
"3916",-38.41028060056022,145.05185533124413
"3918",-38.336720256146734,145.16951584826788
"3919",-38.35236071738142,145.20278697743794
"3920",-38.3810582673655,145.19822560803516
"3921",-38.35000056183952,145.36490481267893
"3922",-38.486026379816245,145.2100778870381
"3923",-38.47879948741886,145.2798079324606
"3925",-38.526533444073635,145.37256481546473
"3926",-38.3511645516428,145.1001880247661
"3927",-38.38132554854315,145.1589894958761
"3928",-38.40030977087721,144.9665874753968
"3929",-38.45834185786681,144.97828195763827
"3930",-38.19506125720874,145.09289655348883
"3931",-38.23042147397961,145.06028593276972
"3933",-38.24701541293018,145.11900000941787
"3934",-38.27545203066337,145.0307372877777
"3936",-38.335842513359864,144.9991235007629
"3937",-38.37299798732128,145.02524679773316
"3938",-38.35566255886994,144.93284460177517
"3939",-38.42119524988045,144.89551690855126
"3940",-38.37210718506448,144.8740876886111
"3941",-38.38855983861691,144.8200370196524
"3942",-38.368696990984056,144.77231055859684
"3943",-38.344706206024405,144.74207215416183
"3944",-38.32276996801752,144.7004047095215
"3945",-38.39504226216793,145.67707412444818
"3946",-38.44015865166539,145.73583519556206
"3950",-38.420916557753756,145.84288919249576
"3951",-38.46637602379998,145.80005636664163
"3953",-38.46107090787915,145.9794537691732
"3954",-38.55979428067328,145.95206172524985
"3956",-38.685630182742536,145.95983079119506
"3957",-38.59314066100437,146.09118433835616
"3958",-38.67051694650588,146.01469354415588
"3959",-38.74935799587216,146.08545004212417
"3960",-38.83823008112812,146.30265562886194
"3962",-38.61461553318375,146.34899183322634
"3964",-38.68477815964977,146.26927170238
"3965",-38.68730549502962,146.47697184971912
"3966",-38.62538411514712,146.43479842828683
"3967",-38.654961153947376,146.5423150430347
"3971",-38.55066283374066,146.63942024710047
"3975",-38.06472330856992,145.2384980548327
"3976",-38.0385956168291,145.26860401819778
"3977",-38.14039673111707,145.2752464534814
"3978",-38.13265591610033,145.37329673060572
"3979",-38.46902154512834,145.6216698811504
"3980",-38.20532603619847,145.37080842082358
"3981",-38.200169927388146,145.58030936482308
"3984",-38.305802039674354,145.55927768540775
"3987",-38.30865500060249,145.68358650197746
"3988",-38.31834439760455,145.80258800444574
"3990",-38.45103771513221,145.52621291529834
"3991",-38.47672129564139,145.46584792621252
"3992",-38.53204554505774,145.583312970752
"3995",-38.57550219399521,145.58934672223185
"3996",-38.61688757744951,145.75884795394512
"4000",-27.465171792936314,153.02369142357665
"4005",-27.464191799355252,153.0463039252381
"4006",-27.44929935401285,153.03281309822503
"4007",-27.43387969713115,153.06642950877742
"4008",-27.39339446722635,153.1186796921459
"4009",-27.43228223272764,153.08977220273354
"4010",-27.43282508777299,153.04375383913032
"4011",-27.418845532234304,153.06181307388712
"4012",-27.39819996981405,153.05460091562898
"4013",-27.391397204163333,153.07343790422075
"4014",-27.36863212075658,153.0849206205675
"4017",-27.31411311856537,153.05063236716194
"4018",-27.340601985530895,153.03882583203279
"4019",-27.247344902408518,153.09055606906523
"4020",-27.214364468324263,153.1021513405475
"4021",-27.224217453736614,153.08335267689483
"4022",-27.21111382167794,153.0552568686916
"4025",-27.149419053397263,153.4063374992528
"4030",-27.425538092375756,153.0357427455165
"4031",-27.40700872495667,153.02983693981267
"4032",-27.384328898376893,153.0230891211064
"4034",-27.3564570617798,153.0430941192308
"4035",-27.352872747156667,152.9816566591071
"4036",-27.306391278476724,153.0198933374392
"4037",-27.3399779648768,152.93699163640503
"4051",-27.427861323521476,152.98977807272027
"4053",-27.398321617939448,152.98893461080306
"4054",-27.404740616227368,152.9530146559543
"4055",-27.39077961110317,152.93024027795528
"4059",-27.45064584522381,153.00725234822337
"4060",-27.44312152267647,152.98395380864096
"4061",-27.44579242084548,152.94150329363865
"4064",-27.462992534813964,152.9997446229954
"4065",-27.460056285466543,152.9779214607057
"4066",-27.476075014093727,152.9588710003875
"4067",-27.499125810450103,153.00344916915603
"4068",-27.504738956757482,152.97853347699655
"4069",-27.494746251610316,152.8891125254285
"4070",-27.557488184794696,152.87136173137333
"4073",-27.546070466399502,152.95220000784215
"4074",-27.551222564149786,152.9263419259785
"4075",-27.547813231994503,152.97896809284572
"4076",-27.582409166737552,152.92849806039368
"4077",-27.59534636889918,152.97201642072685
"4078",-27.620109507591053,152.9586048277945
"4101",-27.482568999221773,153.01381682255663
"4102",-27.493653776598244,153.0338822203674
"4103",-27.510687027114596,153.02987449963925
"4104",-27.513778206944444,153.01338446716014
"4105",-27.53181478811411,153.01733998001453
"4106",-27.550949529668156,153.00178509374828
"4107",-27.549769007439334,153.0328932505781
"4108",-27.567208493295155,153.02346231916331
"4109",-27.58186254171115,153.0586851509002
"4110",-27.611910168992445,153.0089982228302
"4111",-27.548624387608687,153.05339505837722
"4112",-27.60684620209808,153.0936512152984
"4113",-27.588079746901602,153.08499138918683
"4114",-27.64626112809446,153.10926886421
"4115",-27.6335491375459,153.03095071702077
"4116",-27.630447582284297,153.0559083192395
"4117",-27.643930278627547,153.08301513681738
"4118",-27.67014338190212,153.03715667016746
"4119",-27.608851334135768,153.1113141848136
"4120",-27.507184149827058,153.04773685094605
"4121",-27.524379984038458,153.05715553142122
"4122",-27.542640016949306,153.0908661567625
"4123",-27.578730813452943,153.1254821407285
"4124",-27.72875853192804,152.93584684359206
"4125",-27.72467072203831,153.0469747151558
"4127",-27.62617201899007,153.14849669162024
"4128",-27.656986228380113,153.17506440572689
"4129",-27.684427727426012,153.1864119703016
"4130",-27.668742021969827,153.23841835430127
"4131",-27.670358879422206,153.13875484368
"4132",-27.68156515319282,153.0913778512532
"4133",-27.72651679284023,153.1021243845404
"4151",-27.499050100962545,153.06150480062792
"4152",-27.50325253156155,153.10011048954271
"4153",-27.50911662998008,153.13378708724383
"4154",-27.488762755934506,153.16552731840278
"4155",-27.51661314619814,153.16819424384954
"4156",-27.560477733139656,153.15758451946618
"4157",-27.565844146142002,153.20160004733705
"4158",-27.484433747180486,153.20071232694784
"4159",-27.499609026281355,153.21020987642729
"4160",-27.500193113813836,153.2456152107148
"4161",-27.532447728758758,153.228918100442
"4163",-27.53295008086224,153.26726966674084
"4164",-27.567664221029396,153.2608962733484
"4165",-27.628500449273297,153.263399594059
"4169",-27.480775122198388,153.04255191931094
"4170",-27.470563625525443,153.07964682524786
"4171",-27.454991151085107,153.0615542218045
"4172",-27.4539878892474,153.1081811422371
"4173",-27.47340194601628,153.1270378662416
"4174",-27.446523496329586,153.1314315488256
"4178",-27.4474353547019,153.223829936399
"4179",-27.464918466146113,153.17499272940282
"4183",-27.546398611339363,153.4543761629722
"4184",-27.62570461918329,153.37094095741782
"4205",-27.687073479439388,153.15663565275565
"4207",-27.765140675508952,153.20021446538996
"4208",-27.77430902279477,153.31814849645463
"4209",-27.837829078333947,153.31767942083374
"4210",-27.912227890453845,153.25482947603075
"4211",-28.128633345971924,153.2242981570864
"4212",-27.88749591070928,153.34654394463575
"4213",-28.13528292417804,153.3187509765659
"4214",-27.961721626274457,153.36539259901332
"4215",-27.96657221642318,153.39973142903224
"4216",-27.876556131449046,153.40284401029746
"4217",-27.99795329182042,153.40763500104342
"4218",-28.039606765292344,153.42169041688183
"4220",-28.093418640676447,153.43323118607302
"4221",-28.127566295217914,153.45497302553787
"4223",-28.19355332295902,153.41252144623397
"4224",-28.148603961939354,153.49055293077663
"4225",-28.16431668367341,153.51806139486325
"4226",-28.059226212650326,153.3869707878495
"4227",-28.101129453074435,153.40339715858806
"4228",-28.180184791570614,153.3722745324203
"4270",-27.870758771344736,153.13472350626137
"4272",-27.9422196857431,153.19368055437414
"4275",-28.070257649765757,153.1451086671078
"4280",-27.810783395490407,153.01394571639165
"4285",-28.055247386783424,152.94877021847034
"4287",-28.267069835081113,152.80685352479964
"4300",-27.662386836288462,152.899053555757
"4301",-27.63360727360838,152.85688379508233
"4303",-27.60247179318137,152.8373054358704
"4304",-27.60868990114443,152.80392280588623
"4305",-27.659342500768613,152.75021675868553
"4306",-27.54131780636014,152.720279320943
"4307",-27.815943854721084,152.6242043948793
"4309",-28.01954146928534,152.51907834086632
"4310",-28.088943175266113,152.66648221984067
"4311",-27.3810504997184,152.45771287368086
"4312",-27.207213855035153,152.4555599529114
"4313",-27.1182992286427,152.3678683653299
"4314",-26.8156063049628,152.2025059241718
"4340",-27.75256926452782,152.51008952747767
"4341",-27.71379475465383,152.38237009520236
"4342",-27.551872726405335,152.38577870018952
"4343",-27.69795731611961,152.25184835984652
"4344",-27.57851276173458,152.1017332614664
"4346",-27.5597550658176,152.59017909279424
"4347",-27.61678924453841,152.17661119632433
"4350",-27.573842177793857,151.87844422967729
"4352",-27.774723804646744,151.62803935986128
"4353",-27.154572282896396,151.88022871417252
"4354",-27.2955275340037,151.86107030218565
"4355",-27.143002307404075,152.0660924077897
"4356",-27.65835247576224,151.5496212945559
"4357",-27.98478489427799,151.11352834361531
"4358",-27.776731488921346,151.81085380679255
"4359",-27.792559231430918,152.0221373888728
"4360",-27.841906635861207,151.893482439112
"4361",-27.92912378336755,151.9063722225368
"4362",-28.023230186698108,152.06289810020309
"4363",-27.683198952978916,151.73542790569692
"4364",-27.716186489463823,151.42893240134757
"4365",-28.021480879314726,151.62060313354164
"4370",-28.2179114298514,152.01748393914258
"4371",-28.179322665915024,152.31889317827736
"4372",-28.301330651314817,152.2399920561633
"4373",-28.320047678575513,152.35391951275466
"4374",-28.409459177504413,151.8696861075735
"4375",-28.52349571721712,151.94563136732043
"4376",-28.55280229413282,151.93269960988584
"4377",-28.54651935493677,152.02971112623902
"4378",-28.61543129946609,151.93302333268952
"4380",-28.72017302249472,151.6994768970952
"4381",-28.752475943900805,151.875783149595
"4382",-28.852596010955867,151.79940647932287
"4383",-28.92491910402422,151.94801522892152
"4384",-28.737538154469693,151.17923837154385
"4385",-28.81480626604856,151.11583557404643
"4387",-28.460254923649437,151.15793722377094
"4388",-28.566235567166615,150.6034943000948
"4390",-28.23202315083155,150.38383634542657
"4400",-27.496699428201037,151.79760677198948
"4401",-27.39939264594976,151.71427472323103
"4402",-26.95830055115014,151.824990396475
"4403",-27.337757988144844,151.5459305298959
"4404",-27.26711474184089,151.45350922461145
"4405",-27.236758205360044,151.08692773802073
"4406",-27.46977390190522,150.50131630375185
"4407",-27.60601289637026,151.01136151385947
"4408",-26.83573954341152,151.35552067589225
"4410",-26.65433109744606,151.1929010274602
"4411",-26.85223020963547,150.96161734710768
"4412",-26.870149945265076,150.81971555739128
"4413",-26.380880386211054,150.6661938090047
"4415",-26.509154619864724,150.22914199078718
"4416",-26.9553538426032,149.9596481743812
"4417",-27.201823154909942,149.13262522323006
"4418",-26.259473806291183,150.09047031921853
"4419",-25.95250680138313,149.9803038476127
"4420",-25.402098129771833,149.50973460646432
"4421",-27.258811987780064,150.47582005866045
"4422",-27.615547525864446,149.72732295478392
"4423",-27.357897839341913,149.50344847740158
"4424",-26.651445232721322,149.94742455489563
"4425",-26.62610046442113,149.76954494814996
"4426",-26.513671442713616,149.56589868456317
"4427",-26.422629646409078,149.38943002081896
"4428",-26.46922102408325,149.20576276104367
"4454",-25.66040167263048,148.70300120187596
"4455",-26.697800054200084,148.65570907252948
"4461",-26.64164663714794,148.3713839894022
"4462",-26.53147843219229,148.20699207175588
"4465",-26.23585983916069,147.90784688817615
"4467",-26.3429712985127,147.45318765384647
"4468",-26.6943899666852,146.94565703089546
"4470",-26.314861644736773,146.1511616500635
"4472",-24.59099792171648,145.44532115681662
"4474",-25.929672983940858,144.80092496313802
"4477",-25.358996767775988,147.1547757525685
"4478",-25.050576216323776,146.26223597019694
"4479",-26.65718504977259,145.53466298684486
"4480",-26.54214752876735,143.47486867285713
"4481",-25.567413496100578,141.7134210828972
"4482",-25.40624908582461,139.1627711638617
"4486",-28.643420563817287,147.93532915586874
"4487",-27.88420649224109,148.5654424282473
"4488",-27.868389984055288,147.3766434716351
"4489",-27.277486540867613,146.07262507338072
"4490",-28.12333298621428,145.9090642862111
"4491",-28.212719289498565,145.0168176756396
"4492",-27.972987528793404,142.49673470626192
"4493",-28.804512705352483,144.3473898075906
"4494",-28.222318404090572,149.62476351390345
"4496",-28.485270896429313,149.3489134490481
"4497",-28.508055981469937,148.91815637260072
"4498",-28.37505384088813,149.8507677522019
"4500",-27.301608858541183,152.9324569101566
"4501",-27.281877124259157,152.98595418947644
"4502",-27.264981211519025,152.97240700260258
"4503",-27.240040919318602,152.9620037408629
"4504",-27.186745765571274,152.9309863516319
"4505",-27.14860685035335,152.98458048054152
"4506",-27.133589096093214,152.92334932434864
"4507",-26.988546057402417,153.1357396687193
"4508",-27.182688364737817,153.01641404598513
"4509",-27.23280205665387,153.03122407606517
"4510",-27.074200546638956,152.9702211726178
"4511",-27.07189792717806,153.07944643167622
"4512",-27.026203678723917,152.85544358520772
"4514",-26.94616178940174,152.72883766446893
"4515",-26.75573038618492,152.47872383615356
"4516",-27.00035865782041,152.96142619112956
"4517",-26.950731080752355,152.9700592178784
"4518",-26.905399396899924,152.93790337485876
"4519",-26.859701248194494,152.9621364273733
"4520",-27.325296026472184,152.83090205889684
"4521",-27.151809782645056,152.76648027423056
"4550",-26.808224502995355,152.98231293683833
"4551",-26.79956962914338,153.08642039558822
"4552",-26.737368517968388,152.75853540724302
"4553",-26.758525184696925,153.00290476325614
"4554",-26.730664709055393,152.96642746996147
"4555",-26.69327032550668,152.94903941120256
"4556",-26.697697715686605,153.0528464378149
"4557",-26.69592613686215,153.10580092809155
"4558",-26.653477393632574,153.07859440614794
"4559",-26.657110317901495,152.97850877073705
"4560",-26.610743811563598,152.92974379102546
"4561",-26.54431826014612,152.9905545787314
"4562",-26.485138628078634,152.91564222504067
"4563",-26.427572074821192,152.88118575515173
"4564",-26.60622453755923,153.08169078153634
"4565",-26.298312536096308,153.00292577457404
"4566",-26.423201971572585,153.06100543499883
"4567",-26.405529073233037,153.0961813071226
"4568",-26.365364022172948,152.85137824399143
"4569",-26.340404781707555,152.81266886224898
"4570",-26.16972351836289,152.59707136308745
"4571",-26.22758076069518,152.92929123738344
"4572",-26.670753464043237,153.10403965977338
"4573",-26.50999089595473,153.07604808784643
"4574",-26.614303124212302,152.7217676025656
"4575",-26.726868166381813,153.12549614609316
"4580",-25.986530642037998,153.00379098083044
"4581",-25.272110971894747,153.1409534888539
"4600",-26.081023141279637,152.23973070354268
"4601",-26.10955161637645,152.08818437901246
"4605",-26.144459699985866,151.8921421262665
"4606",-26.268858171309105,151.80006629311015
"4608",-26.37261577007669,151.81904146020432
"4610",-26.52946836360305,151.5531018167258
"4611",-26.17615100000394,151.76326324528367
"4612",-26.001138367495816,151.62637938198256
"4613",-26.180528188174844,151.38403691470825
"4614",-26.847206247136157,151.9312387141
"4615",-26.64467817016473,151.96251598528923
"4620",-25.65461957446625,152.28104040349706
"4621",-25.503789861466196,152.0359320359643
"4625",-25.615139819394862,151.6425679777246
"4626",-25.780492481137735,151.09611377545824
"4627",-25.36430824661625,150.83462856284333
"4630",-24.85533494170431,151.08439422357247
"4650",-25.642581370477078,152.6377797776993
"4655",-25.37225138821137,152.82513274792137
"4659",-25.29820687423313,152.60979834292093
"4660",-25.20776494476495,152.3332868327277
"4662",-25.353655398391002,152.5759338334473
"4670",-24.856048815899587,152.2347544391508
"4671",-25.053642251197832,151.76357233572125
"4673",-24.716998391855785,152.060904764728
"4674",-24.539924052182528,151.87510274083243
"4676",-24.5949487448426,151.63489422929334
"4677",-24.29818437113459,151.68896985465472
"4678",-24.175143343888074,151.5264710774233
"4680",-24.140545024631585,151.139577793269
"4694",-23.77792011900222,151.09467127550687
"4695",-23.781889360546458,150.95879836279508
"4697",-23.831388555399784,150.77496789884952
"4699",-23.65252545077856,150.64717054055419
"4700",-23.35780060098193,150.5964509676607
"4701",-23.35285774638326,150.6152403107221
"4702",-23.844369609363003,149.29702227452992
"4703",-23.005831312972973,150.6673588883951
"4704",-23.12617670524077,150.389018323496
"4705",-22.764764414338647,149.1615611326791
"4706",-22.64375366462261,149.67978846093192
"4707",-22.23034491917086,149.4062265447309
"4709",-23.033561182301373,148.3519671787084
"4710",-23.266183845123958,150.79979251225993
"4711",-23.272381726625266,150.46352756128266
"4712",-23.68436987260341,149.67932472606225
"4713",-24.13593984743812,149.44616662232758
"4714",-23.72084237144926,150.39472850809454
"4715",-24.401103365973576,150.52219311932123
"4716",-24.589296294324882,150.6654585166072
"4717",-23.485435375494422,148.79121057614867
"4718",-24.706401443326072,149.52391758027312
"4719",-25.07854675576347,150.2113359727322
"4720",-23.938074830077397,147.5459165592689
"4721",-22.377940435703373,147.07741168574438
"4722",-24.34428439934856,147.786173128491
"4723",-23.084473384252078,148.10683587199537
"4724",-23.619193708472213,146.69827805725313
"4725",-23.617369960528737,145.3364497722366
"4726",-22.4442871367968,145.41137162534358
"4727",-23.66096185235507,144.54532513958355
"4728",-23.266303318524095,146.08423091630226
"4730",-23.70765710113412,143.30416180420508
"4731",-24.57170953696555,144.16405500776267
"4732",-22.519301340468257,144.48735028544513
"4733",-22.038758219273657,143.33494136945185
"4735",-23.267383447382635,141.68326477913251
"4736",-25.048375517602942,143.17360456617385
"4737",-21.477023847290155,149.09068429500633
"4738",-21.64684022457303,149.25801055017587
"4739",-21.864668368705836,149.37052519765228
"4740",-21.15673650094244,149.1275706197657
"4741",-21.277123479091117,148.63412144223355
"4742",-21.802015154431928,148.5034966744563
"4743",-21.23353486447922,148.09774846211414
"4744",-21.947363049706798,147.88979984578293
"4745",-22.559764885551925,148.34496801597575
"4746",-22.67692703280883,148.82622811649648
"4750",-21.02528127471368,149.14703165840933
"4751",-21.202948654404327,149.0441055932473
"4753",-21.146681581985078,148.92823860389205
"4754",-21.254530790845195,148.78758340811484
"4756",-21.122838003892205,148.59996130944015
"4757",-21.18653711774256,148.47939283463748
"4798",-20.817107829921504,148.75024106434037
"4799",-20.699540800155024,148.57831312575726
"4800",-20.404600192555616,148.52292437891708
"4802",-20.23741991411811,148.88896964771428
"4804",-20.993159191820695,147.48769714099888
"4805",-20.214939867702753,147.89030345307518
"4806",-19.843448786192408,147.40242187056265
"4807",-19.936749064709833,147.19841182521083
"4808",-19.503168980061066,147.3478304592304
"4809",-19.579077002404063,147.05873610186472
"4810",-19.308968258789594,146.96724089786673
"4811",-19.354960634087035,146.81371604805676
"4812",-19.286168517558327,146.78995139373387
"4814",-19.298872052023427,146.76550277818035
"4815",-19.527645725574185,146.6502599734605
"4816",-20.168194436923525,144.79300322779977
"4817",-19.43555229686213,146.50249468672942
"4818",-19.228976738409077,146.5481700137065
"4819",-19.138816651594524,146.8331268961085
"4820",-20.240309180869776,145.95247990219931
"4821",-20.93134233459557,144.18806348825166
"4822",-20.34225337191973,142.912373895986
"4823",-20.424052450196143,141.06109322275086
"4824",-20.11303163942667,140.31069277771613
"4825",-20.497234267039154,138.69565101429822
"4828",-19.61074004021261,138.51079816093352
"4829",-23.7324488134497,139.46177887499934
"4830",-17.823777509975127,138.93655216034793
"4849",-18.3524809318207,146.06966875139875
"4850",-18.722212621641127,145.68055061142425
"4852",-17.89255035722436,146.0815714213155
"4854",-17.970559304445587,145.82630968570945
"4855",-17.767215834292564,145.8728072985768
"4856",-17.737491490356092,145.9779263693133
"4858",-17.5917241827055,146.0703223208384
"4859",-17.595428670806644,145.95919358442018
"4860",-17.43896210422353,145.84459919727823
"4861",-17.32760008705828,145.94365920715651
"4865",-17.11198828303909,145.7777360157305
"4868",-16.97418945830101,145.74356059953865
"4869",-17.03006315587274,145.749399534118
"4870",-17.007170867051705,145.69676948616475
"4871",-17.999059641604422,143.4438290577257
"4872",-17.9179779346097,145.15785612492783
"4873",-16.269310655845672,145.28139848366092
"4874",-12.121054325096603,142.43091383494738
"4875",-10.123712750764877,142.33198498603153
"4876",-10.973726849326578,142.33733998286343
"4877",-16.593912666034637,145.49355288222978
"4878",-16.843003480177295,145.70925663968438
"4879",-16.780794902542294,145.67972053023834
"4880",-16.978607058037653,145.35879686164193
"4881",-16.83258723565541,145.56570049603627
"4882",-17.191667215745813,145.46497399973157
"4883",-17.322080500121906,145.49952672917732
"4884",-17.269503020301393,145.69162583499366
"4885",-17.388396945865416,145.62966086742216
"4886",-17.527200839506772,145.609131063289
"4887",-17.40968882713151,145.2007612158982
"4888",-17.582549069117803,145.43084753497598
"4890",-17.500745580599578,141.24670020256528
"4891",-17.488188573856362,140.87230196972789
"4892",-15.308285203208994,142.90061115045893
"4895",-15.139850882523248,144.92385742559097
"5000",-34.92854526155704,138.60065438608297
"5006",-34.908425962428765,138.59534741040625
"5007",-34.90294351030227,138.5697048974473
"5008",-34.88642421567847,138.5684309254799
"5009",-34.89155295412973,138.55033644546896
"5010",-34.86268534287559,138.56800257472293
"5011",-34.881439257019835,138.535677008616
"5012",-34.861642934644664,138.54667139798607
"5013",-34.84222441192905,138.5433510671685
"5014",-34.86832828874222,138.5152832483423
"5015",-34.81084391056933,138.51941441545787
"5016",-34.82282418473431,138.497758862538
"5017",-34.80324546124777,138.50065566650392
"5018",-34.78020237455382,138.49828732445292
"5019",-34.84840892150308,138.48480097256848
"5020",-34.8653701323637,138.4850788063695
"5021",-34.87327769727537,138.49470380205057
"5022",-34.90581924081391,138.4976094707039
"5023",-34.895670095617085,138.51982958434635
"5024",-34.93284825750297,138.51124206506185
"5025",-34.911142460237045,138.5358555072983
"5031",-34.92294704137011,138.56761942457638
"5032",-34.92540076826564,138.53795479777924
"5033",-34.9389201271672,138.56039388497572
"5034",-34.95452052015155,138.58967619110553
"5035",-34.94929988585619,138.57775673912826
"5037",-34.95496105788353,138.55733607934508
"5038",-34.96922076010437,138.5527403778918
"5039",-34.97999264272242,138.57382696557934
"5040",-34.96596783524779,138.53164940254695
"5041",-34.98512583094973,138.59309066966347
"5042",-35.00974175048243,138.576910994857
"5043",-34.996103746380655,138.55393360858966
"5044",-34.99230936380881,138.5263184395875
"5045",-34.97594455550568,138.51903726525057
"5046",-35.00703430566988,138.54011892047964
"5047",-35.02841549795638,138.55131295666214
"5048",-35.016387658347014,138.5254494498703
"5049",-35.04458571910915,138.5253254820878
"5050",-35.02461300278343,138.59083829458856
"5051",-35.032634258571676,138.62177406887864
"5052",-35.006800416675915,138.64248175736586
"5061",-34.95549537652499,138.6065033849616
"5062",-34.98173379803511,138.63027672542725
"5063",-34.95105742287953,138.62215639925503
"5064",-34.96113557056209,138.64595197259246
"5065",-34.93860262188585,138.63873587201243
"5066",-34.94299842405005,138.66864974422
"5067",-34.92212750070141,138.63158740304542
"5068",-34.92063324063851,138.65329821350332
"5069",-34.90872225956832,138.62576353811582
"5070",-34.89658182922643,138.6422943969488
"5072",-34.91149784153402,138.69445386853417
"5073",-34.89598027824116,138.68093974974227
"5074",-34.88160426807205,138.66912462914817
"5075",-34.867767210704315,138.67637354046903
"5076",-34.871508224305764,138.73060151701284
"5081",-34.89206713990696,138.61613423976715
"5082",-34.88445949503246,138.5924771678821
"5083",-34.8783197397971,138.6110405679905
"5084",-34.859505719614795,138.59000760214386
"5085",-34.85600489331736,138.6189942018441
"5086",-34.85986795587197,138.64197154911545
"5087",-34.8722181353775,138.6464990688893
"5088",-34.85159690298671,138.6723239449676
"5089",-34.85442114635569,138.70642035023127
"5090",-34.84534419067749,138.6960323962213
"5091",-34.8230030678773,138.73204227742846
"5092",-34.823079602499455,138.68289874223314
"5093",-34.836076108552426,138.66141150962164
"5094",-34.81874056707535,138.57402768845142
"5095",-34.81761891148827,138.61640196291395
"5096",-34.80324353225051,138.65756827352445
"5097",-34.82161022733497,138.7076771664759
"5098",-34.830917745978255,138.64323021715143
"5106",-34.792355168327965,138.6346816686181
"5107",-34.7839269213538,138.60996863919954
"5108",-34.758443354123436,138.62355114719963
"5109",-34.772590170040566,138.67201209043785
"5110",-34.73706939108455,138.56939882244998
"5111",-34.71911567808846,138.63503700637713
"5112",-34.735548785242756,138.67192109469556
"5113",-34.700911176858256,138.6781348668582
"5114",-34.70854209744492,138.7616085314871
"5115",-34.651826706471276,138.68987407330874
"5116",-34.630833853894856,138.72194898217876
"5117",-34.63857839111548,138.64976540648289
"5118",-34.58518432167494,138.73183770733382
"5120",-34.67663473829138,138.52848499354798
"5121",-34.67315669031198,138.62202211447953
"5125",-34.77336479409074,138.72469191964444
"5126",-34.79820965365648,138.7276884860425
"5127",-34.79941560484063,138.68712500536046
"5131",-34.80181950886353,138.76484000982867
"5132",-34.84901795735625,138.76177438537835
"5133",-34.802137273779515,138.79204773619512
"5134",-34.89105103199168,138.75808723261807
"5136",-34.91834777690756,138.73566941973107
"5137",-34.938166352926224,138.7397814199449
"5138",-34.93535097246434,138.77345867087794
"5139",-34.92985858149402,138.8008792369133
"5140",-34.949891906054695,138.69170949481054
"5141",-34.94429501813266,138.71240944948758
"5142",-34.960621396054655,138.74513910148718
"5144",-34.96774235460203,138.76938534892832
"5150",-34.971450167368495,138.66972636911203
"5151",-34.97823937339289,138.73348213290262
"5152",-34.98796267802191,138.7003167415479
"5153",-35.10856105395239,138.76993989468792
"5154",-35.01689395121271,138.73986001907934
"5155",-35.00263201173503,138.76585392673206
"5156",-35.02485667960133,138.68060811861378
"5157",-35.19228602293418,138.69947204232275
"5158",-35.06806245133771,138.53165744084845
"5159",-35.07265475370753,138.59366763251302
"5160",-35.1066342112633,138.49290348092353
"5161",-35.09520836953043,138.53237737623886
"5162",-35.114709896266596,138.53990803246126
"5163",-35.14069304832059,138.55311550775343
"5164",-35.1299802317059,138.49633459594503
"5165",-35.1348401779144,138.47781141587672
"5166",-35.121094819523584,138.4763291380659
"5167",-35.1577498743667,138.4769806427831
"5168",-35.16537027745406,138.50035626426506
"5169",-35.19163850105434,138.48337469703358
"5170",-35.23222608122476,138.4809610052378
"5171",-35.2029741929077,138.5674177479474
"5172",-35.28678483500695,138.5979000379553
"5173",-35.280439486539244,138.47045684752186
"5174",-35.33363649269708,138.48183357358246
"5201",-35.20611204854585,138.7323332150744
"5202",-35.404432134317,138.4810491593124
"5203",-35.53918466685371,138.3547391737444
"5204",-35.562938676731584,138.22875963989762
"5210",-35.345942943423545,138.64424625260304
"5211",-35.522151453155054,138.52812135860918
"5212",-35.507363084738095,138.67244282652095
"5213",-35.48405899949398,138.71005078696783
"5214",-35.473468167669466,138.80614997453688
"5220",-35.781702815240166,137.25652316009013
"5221",-35.778334813422845,137.75405296433217
"5222",-35.81165945204173,137.95954951915897
"5223",-35.829884869748575,137.16490673659334
"5231",-34.76596264869046,138.85215701062685
"5232",-34.861996228223724,138.83625758714902
"5233",-34.810921456973176,138.90666909912872
"5234",-34.81782800344182,138.9764814368637
"5235",-34.69753091720616,139.0855169890697
"5236",-34.867624236196974,139.07214394108436
"5237",-34.81163022194563,139.18937782678063
"5238",-34.84541923574831,139.5248168245033
"5240",-34.92426164459567,138.8229601088267
"5241",-34.89982805073085,138.87388437039314
"5242",-34.994666469867695,138.82422533180753
"5243",-34.980147409541075,138.85775301015082
"5244",-34.931035476412035,138.958687787252
"5245",-35.033796527743796,138.80813655091683
"5250",-35.042380302670594,138.8640951644255
"5251",-35.1002072405604,138.88605015164973
"5252",-35.046211292874446,138.96465298440566
"5253",-35.108305185217326,139.39582519643392
"5254",-35.0587952239831,139.15073650636057
"5255",-35.285764948997205,138.9546823350836
"5256",-35.42188592672328,138.96045085057162
"5259",-35.451288672998935,139.29211385057704
"5260",-35.28471857153908,139.4914047768619
"5261",-35.55098719458049,139.73667700261328
"5262",-36.83058072407807,140.88662802536822
"5263",-37.29227465314634,140.88304154634884
"5264",-35.880170144721404,139.4769417989688
"5265",-35.728602905538814,139.78629537140793
"5266",-35.977070798817714,139.94349428148456
"5267",-36.134184514106586,140.41068217823698
"5268",-36.363926485102425,140.78316950226161
"5269",-36.3584498572868,140.90494579197022
"5270",-36.38480886468643,140.55375185866546
"5271",-36.8427532807025,140.60039818280268
"5272",-37.079060708858506,140.33576109527203
"5273",-36.943105826687145,140.17840302170902
"5275",-36.71666494456476,139.9801497650916
"5276",-37.25572137384127,139.93303604898728
"5277",-37.400355129610304,140.82369935362397
"5278",-37.55295509507454,140.70357016316254
"5279",-37.48708065131007,140.56046260669913
"5280",-37.52675010060755,140.3068111603086
"5290",-37.828417852878374,140.7803541858927
"5291",-37.86002275034206,140.72425558075946
"5301",-35.42152166407791,140.04219157926605
"5302",-35.56364182483064,140.54485253341295
"5303",-35.314421641326994,140.69619877571924
"5304",-35.144653357793054,140.83339331457722
"5306",-35.132452909704185,139.70434300873566
"5307",-35.15868705491826,140.0188287086864
"5308",-34.7674673959885,139.9537378197945
"5309",-34.929773969037136,140.20193794992676
"5310",-34.70880756293363,140.28709232367947
"5311",-34.640487772615835,140.60651869222184
"5320",-33.97735823724993,139.55203075626434
"5321",-34.09058082849959,139.77894890090127
"5322",-34.144821655030114,139.90822909230366
"5330",-34.20017298702928,140.05823687170383
"5331",-34.220706406482975,140.31784439512137
"5332",-34.34729231856879,140.29671298922324
"5333",-34.50300934285017,140.5037845263503
"5340",-34.17764627491651,140.85824335199624
"5341",-34.055240784269586,140.7960066261711
"5342",-34.191623502284294,140.57111453784609
"5343",-34.34448388300628,140.57395753176468
"5344",-34.282112165080164,140.54929135866558
"5345",-34.28755026357403,140.4510369627106
"5346",-34.23541310869696,140.41139047926302
"5350",-34.57400037941332,138.83808295908796
"5351",-34.663102943545475,138.9293242653906
"5352",-34.54409331436517,138.94272571579566
"5353",-34.59779299813708,139.302484669485
"5354",-34.57364484201718,139.69058186472415
"5355",-34.452430563259284,138.97843117773007
"5356",-34.383914889050104,139.25896656696767
"5357",-34.35401067542719,139.6557461315977
"5360",-34.44524624368463,138.91333111246848
"5371",-34.49174873516485,138.77987548200204
"5372",-34.44597911876083,138.814861477574
"5373",-34.31277668601881,138.91882272825748
"5374",-34.15466668765163,139.2220533952815
"5381",-33.914943521258564,139.096555950205
"5400",-34.45078289013009,138.66146886082834
"5401",-34.26364951909174,138.64101041098615
"5410",-34.34528895845276,138.74470286439316
"5411",-34.255724860867424,138.7672877961682
"5412",-34.15561678523014,138.73403953403684
"5413",-34.038066954516054,138.8805551218039
"5414",-33.99001636361862,138.80470705772075
"5415",-33.91227754913427,138.75629294526684
"5416",-33.815927225417084,138.8070358351277
"5417",-33.476979423463405,140.1178034025878
"5418",-33.43292321118904,139.1514406987042
"5419",-33.318964317242695,139.05029558683162
"5420",-33.217242923380645,138.8400759678547
"5421",-33.14380196439882,139.01432945923662
"5422",-32.871151506243,138.98654064617637
"5431",-32.648360563125564,138.56609697357743
"5432",-31.858991448828895,139.12893464389944
"5433",-32.300285367917574,138.1352135612584
"5434",-31.5518752839168,138.64164146709942
"5440",-31.46769266737283,140.24409021207313
"5451",-34.03689862150808,138.67974531803884
"5452",-33.969213873218514,138.64942635816868
"5453",-33.88346626797664,138.59191205289883
"5454",-33.48264251793485,138.62863343613637
"5455",-33.69731639469634,138.652787900161
"5460",-34.29250645976718,138.51178185414517
"5461",-34.06211927178892,138.40240349489846
"5462",-33.8425517640476,138.46086982088687
"5464",-33.68401809718273,138.38833795575138
"5470",-33.56787186303543,138.47628551534697
"5471",-33.467076907056594,138.4680469093909
"5472",-33.374548841485264,138.4121121073366
"5473",-33.26752788565292,138.37011147946913
"5480",-33.107151319984034,138.33722910992992
"5481",-33.00848818675837,138.22302582694343
"5482",-32.86583709695827,138.34898627635562
"5483",-32.81156755393288,138.1923227916819
"5485",-32.637381551943214,138.12767229761909
"5490",-33.16492420995546,138.45193988562022
"5491",-33.19961107137018,138.6060434607334
"5493",-33.02775416108578,138.74490682114413
"5495",-32.868455114379785,138.0093564171334
"5501",-34.46612473978995,138.39063700074152
"5502",-34.46975015121858,138.5297809446737
"5510",-33.91932673521297,138.13882993854608
"5520",-33.77771496832703,138.15138341074348
"5521",-33.527852189736095,138.20122808695498
"5522",-33.6472516572285,137.9234660285529
"5523",-33.38043739192233,138.1398979976505
"5540",-33.21364756243553,138.02763529604135
"5550",-34.13141748012995,138.20753961573064
"5552",-34.091621230797,137.92397203475065
"5554",-33.98234878141375,137.777576059345
"5555",-33.71919726839207,137.9719648081505
"5556",-33.89344361937781,137.66781360935204
"5558",-34.12149984292009,137.61679191900836
"5560",-33.88693237434731,138.00971761601778
"5570",-34.25824850122549,137.9484473190459
"5571",-34.45192373118709,137.83768977323328
"5572",-34.23474414201799,137.77685704927478
"5573",-34.40941934475435,137.61561480703406
"5575",-34.92619006876029,137.36102674646955
"5576",-35.0144138039842,137.60214514702173
"5577",-35.06560326025871,137.24530255811854
"5580",-34.66746362012047,137.75938379543828
"5581",-34.75998641290559,137.83374321126593
"5582",-34.897620743703975,137.7657352325789
"5583",-35.07254322364885,137.718031888497
"5600",-33.03366437360097,137.56776747656426
"5601",-33.034259962947964,137.497650326125
"5602",-33.52449448256738,136.90476695872525
"5603",-33.87779363582304,136.2253220781168
"5604",-34.06486812611295,136.3173196007764
"5605",-34.25198739385887,136.108507689077
"5606",-34.83135156788433,135.99663137163998
"5607",-34.24899052246312,135.64898088110667
"5608",-33.04473711611011,137.5316865026035
"5609",-33.02715989818042,137.50814248959512
"5611",-32.97143607469924,137.09383906517488
"5630",-34.41993999453795,135.66947451316946
"5631",-34.259808334017634,135.69392371428316
"5632",-34.064243047793546,135.60458034958626
"5633",-33.534842735142185,135.77521708822493
"5640",-33.56641055178121,136.44587977921626
"5641",-32.99392710721197,136.1428896056212
"5642",-33.5501978057944,136.11864369917143
"5650",-33.242637282794824,135.7125529410155
"5651",-33.12439819489843,135.63586500653255
"5652",-33.018672550180966,135.4524775584006
"5653",-32.9363243652578,135.27669315287676
"5654",-32.98574340515795,135.065967414336
"5655",-32.59722051950767,135.28406247522898
"5660",-32.59862667504886,134.60646761232272
"5661",-32.37775328540434,134.66130346432038
"5670",-33.51555510617889,135.19641962245433
"5671",-33.06000969573269,134.57136496392553
"5680",-32.4115186094283,134.33994989020965
"5690",-29.998915497988527,131.52915214761876
"5700",-32.599732907785906,137.74756968984474
"5701",-32.28521693357516,137.4740795681369
"5710",-32.50858846599194,137.86360142011563
"5713",-31.4775135672429,137.5246809856308
"5715",-32.32202017989655,137.07581216699302
"5717",-31.94301743386219,135.6978614274828
"5719",-30.826311628724486,135.341553315914
"5720",-30.31748349480892,136.7529220828146
"5722",-30.453583752853397,137.1649884233322
"5723",-28.956717450363655,135.23159770799057
"5724",-26.8883325605046,134.3154849409176
"5725",-30.4825243257933,136.8781425247765
"5730",-30.95332067337275,138.57432940828073
"5731",-28.203581538092102,139.98125223697522
"5732",-30.4300321658346,139.48581345259598
"5733",-28.329809430328908,138.46259774627634
"5734",-26.913436688573107,136.93956654214034
"5950",-34.946115362273794,138.5308093818531
"6000",-31.950215423806124,115.86090419928294
"6003",-31.943205839124854,115.86232756694514
"6004",-31.956724292806406,115.87686741187048
"6005",-31.95665407826399,115.83665790462311
"6006",-31.92702661594866,115.85301332464344
"6007",-31.934940493502964,115.83724759062626
"6008",-31.952939233164585,115.81413501350143
"6009",-31.985091760136036,115.80570975854197
"6010",-31.969903940552367,115.77742571242959
"6011",-31.995366949335644,115.76015778639031
"6012",-32.01479100036858,115.76555645737972
"6014",-31.93687853219304,115.80478169490398
"6015",-31.93558049394327,115.76562658071639
"6016",-31.919967118404507,115.83153020643748
"6017",-31.91080499083522,115.81257121552099
"6018",-31.887046750955466,115.7865620422022
"6019",-31.906801836068386,115.77098349949527
"6020",-31.845669083358793,115.76606723115458
"6021",-31.877125344412608,115.81599687147435
"6022",-31.85105324606446,115.81251502125362
"6023",-31.832940209035318,115.77627008900073
"6024",-31.83177055039794,115.80469520713733
"6025",-31.800515437049874,115.75721005268696
"6026",-31.799951931906055,115.79844189265356
"6027",-31.75520335866113,115.76092575491545
"6028",-31.726714433249985,115.73330386641719
"6029",-31.876185954639826,115.75819037028687
"6030",-31.682755860366925,115.71605611896463
"6031",-31.688263234846684,115.77555681992591
"6032",-31.638613769629963,115.75680804678008
"6033",-31.59636395455898,115.72212337696166
"6034",-31.584404080609943,115.66863952837889
"6035",-31.525440997134048,115.73802899059251
"6036",-31.642513134870487,115.69651453045597
"6037",-31.48540438273136,115.61715166990652
"6038",-31.614356244546407,115.68633308327823
"6041",-31.361950753008458,115.57284895923797
"6042",-31.264498740554586,115.45575043791692
"6043",-31.1790222631412,115.46647585990863
"6044",-30.929983623996325,115.36552953166584
"6050",-31.92592520834586,115.86960945408606
"6051",-31.93693686105885,115.90010782365219
"6052",-31.913519174155905,115.88490623956541
"6053",-31.91737903529082,115.91781332163026
"6054",-31.899026065502795,115.94513368053076
"6055",-31.863786871018736,115.98678832411451
"6056",-31.855462632556524,116.04140370012358
"6057",-31.949880924707834,116.01059406858803
"6058",-31.983506700248277,116.00715214329905
"6059",-31.888195889783574,115.87191382128965
"6060",-31.901894567697827,115.84583711043102
"6061",-31.863931770528517,115.84902969584806
"6062",-31.885039394066922,115.90696200983172
"6063",-31.86268671103821,115.94192429433403
"6064",-31.834254477265574,115.85035342219119
"6065",-31.77247164992746,115.82448663786704
"6066",-31.839988260074215,115.89586416964802
"6067",-31.81400027281505,115.89986648384097
"6068",-31.82527325573771,115.94091218885247
"6069",-31.769245291063672,116.02830889566269
"6070",-31.92466608860171,116.08070142616435
"6071",-31.887913729874697,116.10041691450857
"6072",-31.916707872167095,116.13170834939694
"6073",-31.92329226968588,116.16344991993128
"6074",-31.960744853186824,116.25218124566754
"6076",-32.01329132661114,116.14769826922127
"6077",-31.75509327929066,115.86056855280044
"6078",-31.63384466284775,115.83261032344919
"6079",-31.730893108850623,115.91999639754127
"6081",-31.86278495993637,116.14923681641828
"6082",-31.784960314473608,116.27175742072035
"6083",-31.708844580048364,116.24365313065472
"6084",-31.592322388181277,116.06843842940287
"6090",-31.858579538896148,115.89423780486118
"6100",-31.96496993103831,115.89591212943316
"6101",-31.98538940763252,115.90949766372128
"6102",-32.00390445823066,115.907573974007
"6103",-31.960511524308068,115.91589106897118
"6104",-31.941613977665106,115.93438890224049
"6105",-31.955455578913845,115.9633735401612
"6106",-31.99261142499664,115.9489514060181
"6107",-32.01711954768857,115.96624063904017
"6108",-32.06003141907179,115.95501880256394
"6109",-32.042678649922024,116.01442843815649
"6110",-32.08506591393953,116.00749881124057
"6111",-32.160644570423116,116.17345694472617
"6112",-32.1635419969338,116.00338223101235
"6121",-32.23612587471159,115.9245720469714
"6122",-32.24413918815849,116.0418043529176
"6123",-32.27719975108659,115.99284761490227
"6124",-32.35615206509655,116.14207199325234
"6125",-32.36623221586052,115.95830316082902
"6126",-32.436954910862916,116.03045646641347
"6147",-32.043670314206516,115.92781202872591
"6148",-32.03269681551111,115.89940692709676
"6149",-32.0688145997728,115.86548880633426
"6150",-32.06059900655029,115.83674150438019
"6151",-31.981027071771685,115.86965302590026
"6152",-32.00780657273447,115.87102552067937
"6153",-32.02422014114551,115.84163666283685
"6154",-32.03863724688776,115.82594230729319
"6155",-32.07398240167857,115.90945274172522
"6156",-32.0374319987821,115.8028665105562
"6157",-32.03578454996525,115.78591838366701
"6158",-32.03792684169168,115.76817815483369
"6159",-32.03760431189044,115.74667622652682
"6160",-32.053381264361796,115.75850144398265
"6161",-32.006377531012674,115.51269055535127
"6162",-32.06806824759845,115.76507716675384
"6163",-32.087758359382995,115.80009620278315
"6164",-32.132989124249846,115.85874330923929
"6165",-32.196392876571224,115.80349507255193
"6166",-32.15160496602904,115.79151979550034
"6167",-32.22230580278555,115.83428782008694
"6168",-32.26087072882514,115.73693495398491
"6169",-32.3239492369677,115.75754372996707
"6170",-32.26676947616427,115.82983013986298
"6171",-32.32899565372101,115.8306129402891
"6172",-32.37343414444991,115.75155568768488
"6173",-32.4058730068,115.75861820802335
"6174",-32.42504949389429,115.76098895713321
"6175",-32.44401668087381,115.7572597687662
"6176",-32.417475695163496,115.79451487590504
"6180",-32.48165496232219,115.77262085984921
"6181",-32.47812035545942,115.79421568538727
"6182",-32.429864910843406,115.83141110991116
"6207",-32.51791020468936,116.04799490780448
"6208",-32.65372733469075,115.86139847601423
"6209",-32.5447620220203,115.7865774952198
"6210",-32.5385142330266,115.72228932599015
"6211",-32.716627620590664,115.64530590442686
"6213",-32.677720092444936,116.11384040533356
"6214",-32.756163231274606,115.8153367545298
"6215",-32.85797250994426,115.92020654774441
"6218",-32.958028801841465,115.86634164534527
"6219",-33.00105073797263,115.86201862104241
"6220",-33.03116609257294,115.95125642715287
"6221",-33.15794828989984,115.99003588687086
"6223",-33.18063801738087,115.84691414828063
"6224",-33.23238843443011,115.86279719279972
"6225",-33.38786802376082,116.27934488112473
"6226",-33.294299761435255,115.86628299434807
"6227",-33.33146909625245,115.83534309000174
"6228",-33.32801699053311,115.76252171702751
"6229",-33.34713785291662,115.71256210847733
"6230",-33.3798086977772,115.6488690597814
"6232",-33.31088933492599,115.72072233703308
"6233",-33.20607290551924,115.72934049018123
"6236",-33.43375037562866,115.86657899761232
"6237",-33.505218737305995,115.67384421371439
"6239",-33.59451863488873,115.89215274391493
"6240",-33.53422127517878,115.96493136758839
"6243",-33.71187813473723,116.17829220073372
"6244",-33.92280743957343,116.58687839622634
"6251",-33.72457886630284,115.87206998134646
"6252",-33.752423988384884,115.93988328019375
"6253",-33.805257329631544,115.98591412735827
"6254",-33.846870513194865,116.04461690688882
"6255",-33.8695998556656,116.23317843705354
"6256",-34.06569553116633,116.20106479476144
"6258",-34.34223014035557,116.34903224252773
"6260",-34.417919521987905,115.85486017032726
"6262",-34.684823610132945,116.2307341125595
"6271",-33.58655214446455,115.59431527260442
"6275",-34.03280152099375,115.65082006676941
"6280",-33.72058419310867,115.3030527052783
"6281",-33.614552339096086,115.07996518119289
"6282",-33.68925967931955,115.0502910697187
"6284",-33.86194308735945,115.31828642322441
"6285",-33.99960373004532,115.28187384331385
"6286",-34.08188157177554,115.09120592640683
"6288",-34.2036993007082,115.22060654149672
"6290",-34.27843910537017,115.13293173676374
"6302",-31.988772922801562,116.6757119326374
"6304",-32.16529802930578,116.91274705357382
"6306",-32.350540009229306,117.10875986399243
"6308",-32.575625801873606,117.01440351256514
"6309",-32.65501590300654,117.14499493151924
"6311",-32.78283290735993,117.16755892017459
"6312",-32.95093166670981,117.34383803138584
"6313",-33.08637547727148,117.21314192296609
"6315",-33.27537320034214,117.3455831401792
"6316",-33.52795997893303,117.39015879734262
"6317",-33.60917728499009,117.70120554092091
"6318",-33.878407739612946,117.61622659134854
"6320",-34.103541331296775,117.69805598566072
"6321",-34.248819252401326,117.48376655373342
"6322",-34.39584452666493,117.43598629088716
"6323",-34.47731496182505,117.59278569799514
"6324",-34.610433609326705,117.66380839583576
"6326",-34.77384059512215,117.71225370723435
"6327",-34.88647292003504,117.61318167828364
"6328",-34.61292430485144,118.44291406046881
"6330",-34.93868091306362,117.83610403566954
"6333",-34.890471142735166,117.11883894306365
"6335",-33.92613673104489,118.07600616632625
"6336",-33.96531978188668,118.57142836329123
"6337",-33.96013371753776,119.12267915369782
"6338",-34.319468845790766,118.459813312058
"6341",-33.55965493951359,118.17199440219487
"6343",-33.54607302740172,118.78700904337394
"6346",-33.73479246551832,119.87590471410137
"6348",-33.85905975265181,120.08955509435937
"6350",-33.304509765224964,117.80776420144527
"6351",-33.196809829571606,117.93753149451797
"6352",-33.20421158238134,118.1267544430504
"6353",-33.0568144499431,118.55748512324298
"6355",-33.032428277515265,119.29843956101377
"6356",-33.02590565866522,119.90409331272178
"6357",-32.66984172249819,118.77020860333513
"6358",-32.418003578002924,118.68585672871617
"6359",-32.44609603834965,119.45631759658633
"6361",-32.968909432341086,117.80491457716218
"6363",-32.902635381002035,118.13246571195721
"6365",-32.690372895563904,118.19242511919208
"6367",-32.42924222019777,118.32269246748245
"6368",-32.19384617274849,118.45953524505634
"6369",-32.050337480414164,118.75013424569589
"6370",-32.76694276010102,117.60950147492397
"6372",-32.63935898077653,117.6954385873497
"6373",-32.50999509003332,117.73928473420278
"6375",-32.321240550902715,117.8868440751283
"6383",-32.00854705443783,117.3958560242443
"6384",-31.97415340391769,117.64928914842763
"6385",-31.988794377811722,117.73331199023416
"6386",-31.965780964851312,117.86209223552412
"6390",-32.673803630625514,116.40113056026135
"6391",-33.05590126145798,116.71540080619687
"6392",-33.35045792753079,116.76443889712017
"6393",-33.56293234427972,116.74215269666391
"6394",-33.75852648410727,116.92624703297864
"6395",-33.95844744373587,117.1269063202316
"6396",-34.33888708066153,116.96681501456226
"6397",-34.59192049271938,116.98421959554013
"6398",-34.812572861634074,116.59864670761353
"6401",-31.566969988131607,116.7284799318018
"6403",-31.639256955296393,116.81618578175073
"6405",-31.58588851935445,117.02926098691422
"6407",-31.608790492985467,117.24099438831458
"6409",-31.606662786397084,117.49500131009431
"6410",-31.637437494300354,117.73106843307136
"6411",-31.60155923751588,117.8729287215817
"6412",-31.439186915407266,117.93521354592488
"6413",-31.518266751722503,118.06921459026344
"6414",-31.519836649309006,118.18260486402713
"6415",-31.515524201386,118.33675437269109
"6418",-31.841561434297745,118.16864373129916
"6419",-32.03818521493776,118.11331739649926
"6420",-31.82096868315772,118.60172884247854
"6421",-31.25455175118065,118.55799132017896
"6422",-31.337675509085077,118.58462745721131
"6423",-31.10170434839325,118.74985803154583
"6424",-31.34656162806053,118.89639711482249
"6425",-31.42319404078605,119.14719697863909
"6426",-31.077620272855032,119.3434346334528
"6427",-30.821954133235373,119.56285499465085
"6428",-32.142969084850854,118.04200813955853
"6429",-31.081483622624184,120.67169677633821
"6430",-30.723696743348842,121.4579464966736
"6431",-29.67949796251273,124.97075907146844
"6432",-30.78685480163683,121.49651342341845
"6434",-30.764230460481752,125.64826334621408
"6436",-29.463680809091375,120.18865559685617
"6437",-27.909087219503366,120.59242766000543
"6438",-28.384301244586904,121.45900179762137
"6440",-27.891100716349605,125.40167415237711
"6442",-31.20228762504462,121.63609580045413
"6443",-31.978125171133904,124.24361752558424
"6445",-32.91406148940228,121.08851681908305
"6446",-33.23035037428094,121.78801634623449
"6447",-33.38120622302016,121.881797690395
"6448",-33.623893513521196,121.8255139032255
"6450",-33.591728543428324,121.73796854667172
"6452",-33.09691969008108,123.08352393802996
"6460",-31.245560214907393,116.80507609319336
"6461",-31.1134719829704,117.0452177645801
"6462",-31.218604760525945,117.14059058724747
"6463",-31.129189258934268,117.29343180294907
"6465",-30.885826361420193,117.15807229739123
"6466",-30.720207181121193,117.11014984970681
"6467",-30.5577632183758,117.14588909998963
"6468",-30.101009347921384,117.23566760422466
"6470",-30.39892299670939,117.32865933014561
"6472",-30.0007243576001,117.98831895299571
"6473",-30.39959059785373,118.12185475908701
"6475",-30.63942951539897,117.45021200914618
"6476",-30.73298177107384,117.68362061240384
"6477",-30.773417277453174,117.93344802020509
"6479",-30.651793761742862,118.3969352824164
"6480",-31.30650752651111,118.21834944659332
"6484",-30.5511414897381,119.43752486999634
"6485",-31.193754648627298,117.4527560367321
"6487",-31.169187206250317,117.66581044077974
"6488",-31.157008224027177,117.78930924167561
"6489",-31.10963827608909,117.93989062424302
"6490",-31.149380331005233,118.20809846052165
"6501",-31.55746002262622,115.92794548561254
"6502",-31.328161383285003,116.18008115418012
"6503",-31.210689781561932,115.792181563518
"6504",-31.29811018582235,116.06977405770238
"6505",-31.162265521976238,116.14314378566235
"6506",-31.015524962125568,116.0472665883966
"6507",-30.732051542559105,115.6311609879533
"6509",-30.952996463231287,116.24539987161693
"6510",-30.70429103782251,116.08797302368126
"6511",-30.502319780206566,115.07667247951056
"6512",-30.4168284562061,116.04165509126857
"6513",-30.222220489753028,116.13989351263795
"6514",-30.02338621496837,115.0273910375219
"6515",-29.99588588865425,115.92683370754094
"6516",-30.281800645302233,115.10113073527593
"6517",-29.7243492343813,115.88370810877338
"6518",-29.91443076218785,115.28583971043297
"6519",-29.525753922346176,115.57732627080664
"6521",-30.37028060425799,115.47041770127485
"6522",-29.15818576728653,115.48425989734162
"6525",-29.32602861955704,115.09182192056186
"6528",-28.97429080386894,114.8507610284632
"6530",-28.716964305239106,114.52944245900505
"6532",-27.45342899536335,114.75680712316132
"6535",-28.199793062704142,114.52426901080325
"6536",-27.5457331426237,114.32091939987873
"6537",-26.22972403501321,113.63102482862267
"6556",-31.91851322596864,116.33066327665875
"6558",-31.80426196619275,116.32063013947514
"6560",-31.75545509152106,116.37401969630022
"6562",-31.815142134367928,116.45334868146273
"6564",-31.709322844083495,116.52445843704037
"6566",-31.504140122531293,116.47725230560727
"6567",-31.464619188253177,116.2677030234313
"6568",-31.246346444186276,116.50575131286126
"6569",-31.072454515126708,116.42609932714275
"6571",-30.923686529505417,116.44178591948896
"6572",-30.81186725197342,116.39628164425207
"6574",-30.63231014074724,116.41129853058192
"6575",-30.41977862323947,116.37803614522142
"6603",-30.90295374078339,116.72938097266778
"6605",-30.706205259556434,116.81757643553982
"6606",-30.56907909219939,116.78228499535795
"6608",-30.41566381728754,116.70916287805291
"6609",-30.244350845868,116.736050607819
"6612",-29.262198189314063,117.40959889702825
"6613",-29.969204142825593,116.56902503918029
"6614",-29.856162125767526,116.56379149539006
"6616",-29.75241246296781,116.50214448654803
"6620",-29.38443948021455,116.66982108764
"6623",-29.172353119086424,116.16093581485376
"6625",-29.18396607098698,115.82611450159027
"6627",-28.88399780444806,115.88949864905376
"6628",-28.751556943891327,115.78341897300768
"6630",-26.880044336955468,115.91564295197858
"6631",-28.532450311276822,115.98399478716611
"6632",-28.62000079262471,115.2628828067104
"6635",-27.81395837191376,116.65357128308369
"6638",-28.238052082566114,117.97641855994792
"6639",-28.335900857558475,119.17312273885486
"6640",-26.98876645026335,117.65510568397144
"6642",-25.14009678282425,118.86402263604096
"6646",-25.312014498362384,122.24508907807413
"6701",-24.611870863826113,114.46976178465556
"6705",-24.72657583857869,116.35512128200551
"6707",-22.5065478785178,114.19980794070825
"6710",-22.439201493814917,115.21379233748873
"6712",-20.761071495180907,115.41018665503192
"6713",-20.539464438870304,116.68086591818981
"6714",-21.060066195565472,117.03772294776067
"6716",-21.766736392543887,116.77843921768003
"6718",-20.774380443544153,117.2756731737584
"6720",-20.66236838124809,117.16447821922226
"6721",-20.536596488642612,118.8368457027438
"6722",-20.32445646114253,119.01883381377601
"6725",-18.652058028980363,122.47531000994483
"6726",-17.950560023441756,122.21037603846163
"6728",-17.837326987392565,124.87593329717184
"6740",-15.042231060368225,126.40620815509114
"6743",-16.192599669129365,127.65869855367335
"6751",-22.756310305611084,117.26678429492786
"6753",-22.960939538540853,119.93332177962023
"6754",-23.192782294782493,117.69379823316365
"6758",-21.972232834105437,120.2160742137038
"6760",-21.15542547643723,119.67897879465937
"6762",-21.2086739196087,123.26059949930905
"6765",-17.956571475327923,124.8778311096878
"6770",-19.226432594738,127.5940386491357
"6798",-10.48534277548558,105.63648036030425
"6799",-12.134567395416065,96.86227327115012
"7000",-42.87702226137342,147.31531643726615
"7004",-42.897344969331996,147.28884217166325
"7005",-42.91089268125193,147.33602621739564
"7007",-42.919681410196226,147.32211808430324
"7008",-42.86644839576052,147.28489886064284
"7009",-42.84217821203212,147.29752413899348
"7010",-42.836379104197384,147.26193423910465
"7011",-42.79318672731018,147.22790047250794
"7012",-42.83619561595355,147.17935131833295
"7015",-42.83766918236983,147.35912652123994
"7016",-42.80895069245832,147.37240915386633
"7017",-42.72401881244189,147.32941866949216
"7018",-42.87650815247209,147.39767422254766
"7019",-42.89468192335099,147.43999762774652
"7020",-42.97035570393827,147.4956686159296
"7021",-42.90943503822138,147.48629301295514
"7022",-43.03203753308098,147.43717360235016
"7023",-42.98965420178855,147.40734229640466
"7024",-42.95043547200564,147.52361918106243
"7025",-42.740702314318355,147.41331272382362
"7026",-42.61745968713118,147.4365532935514
"7027",-42.52199374064854,147.35812753989478
"7030",-42.27076342469964,147.02769330759665
"7050",-42.964055289294,147.29344025846552
"7052",-43.00756254289582,147.31820119794907
"7053",-42.95058578371777,147.34017659704222
"7054",-42.94632557313467,147.18515441591393
"7055",-43.001557047184136,147.29569809409875
"7109",-43.161114551560324,146.91981538562328
"7112",-43.17290863363884,147.13333565452635
"7113",-43.08250788259562,146.9834697051004
"7116",-42.833216650934325,146.0820841633182
"7117",-43.29804482048476,147.01468466435188
"7119",-42.39493219399133,147.38530148813507
"7120",-42.32550616035896,147.504655874534
"7139",-42.75432490837173,146.10974941533837
"7140",-42.39434951893467,146.5332041638817
"7150",-43.254976010794365,147.25563882811431
"7155",-43.12783106013314,147.22940439571235
"7162",-43.16645552474931,147.21731834721632
"7163",-43.22163220413951,147.2337666607539
"7170",-42.84021649065444,147.46739063521477
"7171",-42.76874629760741,147.50291255986832
"7172",-42.732578198104335,147.6331474685373
"7173",-42.837030707600334,147.6768827115723
"7174",-42.82928342315921,147.77529181679412
"7175",-42.76915493191487,147.85997464846037
"7176",-42.76340148968788,147.79154263529432
"7177",-42.88347349915343,147.8580285968616
"7178",-42.943676181961045,147.90858297980597
"7179",-43.00455520189564,147.9135873871426
"7180",-43.06046376229137,147.86588074274908
"7182",-43.13456159578408,147.90129136852934
"7183",-43.15331262782102,147.77528836294323
"7184",-43.132125409468514,147.73518931846218
"7185",-43.0577190495965,147.7584399026637
"7186",-43.011645772087476,147.68562307732762
"7187",-43.07960635642621,147.8176343230354
"7190",-42.38303923958498,147.90239390997783
"7209",-42.12386043122608,147.62537682008448
"7210",-41.954740093512925,147.59790879742192
"7211",-41.76902397164477,147.44218045159084
"7212",-41.56363372273376,147.48900743963793
"7213",-41.793721434594005,147.86338623769942
"7214",-41.52470476050558,147.90018210776947
"7215",-41.768804601484334,148.22316059609366
"7216",-41.274027466651546,148.1147711161596
"7248",-41.39200766307024,147.1459685360884
"7249",-41.471257407468165,147.16229687899488
"7250",-41.44646657203011,147.14021122962072
"7252",-41.145294019831795,147.04328417034594
"7253",-41.09684422636655,146.89543355509116
"7254",-41.1249524650445,147.22162251524654
"7255",-39.998332646837206,148.04635681340605
"7256",-39.863800764041365,143.98548599306415
"7257",-40.412881482668574,148.22275603537702
"7258",-41.509351442061565,147.25892057252426
"7259",-41.36311537337181,147.39331426697396
"7260",-41.158665710010716,147.51911456948935
"7261",-41.14450879905573,147.73870293874378
"7262",-40.97557973683373,147.53805394264813
"7263",-41.27303232139586,147.72351116168724
"7264",-41.004239316502876,148.04641826623435
"7265",-41.031825966497024,147.81980270824442
"7267",-41.26361801077359,147.1328767408003
"7268",-41.292123469093234,147.21952370094024
"7270",-41.17827715864881,146.78668399268003
"7275",-41.31036149786195,146.81143777936433
"7276",-41.28259951036976,146.9635580479313
"7277",-41.37176482446741,146.9967236433304
"7290",-41.511145728177354,147.05994989170762
"7291",-41.54365274487923,147.0181737713926
"7292",-41.471965000724154,146.93328585212748
"7300",-41.6307674136072,147.22585638228168
"7301",-41.65945900589177,146.9864766609035
"7302",-41.77296075874836,147.06651268783202
"7303",-41.53125754164115,146.82911943481045
"7304",-41.72780063941863,146.48802889905045
"7305",-41.3564110975098,146.42901162170423
"7306",-41.60902059517932,146.06280046619807
"7307",-41.23812222129353,146.54575929087008
"7310",-41.320059735522904,146.21703979719217
"7315",-41.31637279632088,146.05562825709816
"7316",-41.217609061416915,145.97364888866005
"7320",-41.07314177794173,145.89755010153175
"7321",-41.3030187294216,145.5579468848028
"7322",-41.05530325557293,145.80062692072872
"7325",-41.09175715975056,145.60623130639902
"7330",-40.90271694616403,144.93369820085837
"7331",-40.758871540121426,145.2744362942347
"7466",-42.07878163566958,145.61908227772878
"7467",-42.078073273422895,145.54518005279732
"7468",-42.16686307019958,145.37652873846042
"7469",-41.56556950968268,145.27213988132772
"7470",-41.79330704239208,145.53023049787458
